-- phpMyAdmin SQL Dump
-- version 4.9.5
-- https://www.phpmyadmin.net/
--
-- Host: localhost:3306
-- Generation Time: Feb 11, 2023 at 10:03 AM
-- Server version: 10.5.16-MariaDB
-- PHP Version: 7.3.32

SET SQL_MODE = "NO_AUTO_VALUE_ON_ZERO";
SET AUTOCOMMIT = 0;
START TRANSACTION;
SET time_zone = "+00:00";


/*!40101 SET @OLD_CHARACTER_SET_CLIENT=@@CHARACTER_SET_CLIENT */;
/*!40101 SET @OLD_CHARACTER_SET_RESULTS=@@CHARACTER_SET_RESULTS */;
/*!40101 SET @OLD_COLLATION_CONNECTION=@@COLLATION_CONNECTION */;
/*!40101 SET NAMES utf8mb4 */;

--
-- Database: `id19706539_dbinenoptimize7`
--
CREATE DATABASE IF NOT EXISTS `id19706539_dbinenoptimize7` DEFAULT CHARACTER SET utf8 COLLATE utf8_unicode_ci;
USE `id19706539_dbinenoptimize7`;

-- --------------------------------------------------------

--
-- Table structure for table `device_table`
--

CREATE TABLE `device_table` (
  `Device_id` int(25) NOT NULL,
  `Device_issue_date` timestamp NOT NULL DEFAULT current_timestamp() ON UPDATE current_timestamp(),
  `Device_no` int(25) NOT NULL,
  `Login_id` int(25) NOT NULL
) ENGINE=InnoDB DEFAULT CHARSET=utf8mb4;

--
-- Dumping data for table `device_table`
--

INSERT INTO `device_table` (`Device_id`, `Device_issue_date`, `Device_no`, `Login_id`) VALUES
(1, '2022-12-13 17:28:37', 1, 1),
(2, '2022-12-14 04:52:29', 1, 2),
(3, '2022-12-14 12:19:14', 20, 2),
(4, '2022-12-14 12:19:20', 220, 2),
(5, '2022-12-25 06:20:34', 65, 4),
(6, '2022-12-25 06:20:46', 38, 3),
(7, '2022-12-25 06:21:01', 322, 14),
(8, '2022-12-25 06:21:13', 67, 12),
(9, '2022-12-25 06:21:23', 68, 10),
(10, '2022-12-25 06:22:13', 68, 8),
(11, '2022-12-25 06:22:22', 29, 4);

-- --------------------------------------------------------

--
-- Table structure for table `feedback_table`
--

CREATE TABLE `feedback_table` (
  `Fb_id` int(25) NOT NULL,
  `Login_id` int(25) NOT NULL,
  `Reading_time` timestamp NOT NULL DEFAULT current_timestamp() ON UPDATE current_timestamp(),
  `Feedback` varchar(200) NOT NULL
) ENGINE=InnoDB DEFAULT CHARSET=utf8mb4;

--
-- Dumping data for table `feedback_table`
--

INSERT INTO `feedback_table` (`Fb_id`, `Login_id`, `Reading_time`, `Feedback`) VALUES
(1, 1, '2022-12-14 10:47:40', 'good'),
(2, 1, '2022-12-14 10:47:40', 'good'),
(3, 1, '2022-12-14 10:47:40', 'good'),
(4, 1, '2022-12-14 10:47:40', 'good'),
(5, 1, '2022-12-14 10:47:59', 'good'),
(6, 14, '2022-12-25 06:24:29', 'poor'),
(7, 11, '2022-12-25 06:24:47', 'not good condition'),
(8, 18, '2022-12-25 06:25:10', 'maitainance needed');

-- --------------------------------------------------------

--
-- Table structure for table `fire_table`
--

CREATE TABLE `fire_table` (
  `FS_id` int(25) NOT NULL,
  `FS_value` varchar(25) NOT NULL,
  `Reading_time` timestamp NOT NULL DEFAULT current_timestamp() ON UPDATE current_timestamp(),
  `Device_id` int(25) NOT NULL
) ENGINE=InnoDB DEFAULT CHARSET=utf8mb4;

--
-- Dumping data for table `fire_table`
--

INSERT INTO `fire_table` (`FS_id`, `FS_value`, `Reading_time`, `Device_id`) VALUES
(1, '450', '2022-12-14 11:45:34', 2),
(2, '470', '2022-12-14 11:45:43', 2),
(3, '470', '2022-12-14 12:36:29', 2),
(4, '4555', '2022-12-14 12:36:36', 2),
(5, '470', '2022-12-25 06:26:37', 2),
(6, '470', '2022-12-25 06:26:42', 9),
(7, '470', '2022-12-25 06:26:47', 11),
(8, '4465', '2022-12-25 06:26:53', 11),
(9, '5453', '2022-12-25 06:27:03', 11),
(10, '22', '2023-02-04 12:16:38', 1),
(18, '1', '2023-02-04 16:40:08', 1),
(19, '1', '2023-02-04 16:40:17', 1),
(20, '1', '2023-02-04 16:40:27', 1),
(21, '1', '2023-02-04 16:40:30', 1),
(22, '1', '2023-02-04 16:40:39', 1),
(23, '1', '2023-02-04 16:40:48', 1),
(24, '1', '2023-02-04 16:40:57', 1),
(25, '1', '2023-02-04 16:41:06', 1),
(26, '1', '2023-02-04 16:41:15', 1),
(27, '1', '2023-02-04 16:41:23', 1),
(28, '1', '2023-02-04 16:41:33', 1),
(29, '1', '2023-02-04 16:41:42', 1),
(30, '1', '2023-02-04 16:41:51', 1),
(31, '1', '2023-02-04 16:41:59', 1),
(32, '1', '2023-02-04 16:42:08', 1),
(33, '1', '2023-02-04 16:42:17', 1),
(34, '1', '2023-02-04 16:42:26', 1),
(35, '1', '2023-02-04 16:42:35', 1),
(36, '1', '2023-02-04 16:42:44', 1),
(37, '1', '2023-02-04 16:42:53', 1),
(38, '1', '2023-02-04 16:43:02', 1),
(39, '1', '2023-02-04 16:43:11', 1),
(40, '1', '2023-02-04 16:43:20', 1),
(41, '1', '2023-02-04 16:43:29', 1),
(42, '1', '2023-02-04 16:43:38', 1),
(43, '1', '2023-02-04 16:43:47', 1),
(44, '1', '2023-02-04 16:43:56', 1),
(45, '1', '2023-02-04 16:44:05', 1),
(46, '1', '2023-02-04 16:44:15', 1),
(47, '1', '2023-02-04 16:44:24', 1),
(48, '1', '2023-02-04 16:44:33', 1),
(49, '1', '2023-02-04 16:44:42', 1),
(50, '1', '2023-02-04 16:44:51', 1),
(51, '1', '2023-02-04 16:45:00', 1),
(52, '1', '2023-02-04 16:45:09', 1),
(53, '1', '2023-02-04 16:45:18', 1),
(54, '1', '2023-02-04 16:52:25', 1),
(55, '1', '2023-02-04 16:52:34', 1),
(56, '1', '2023-02-04 17:32:39', 1),
(57, '1', '2023-02-04 17:33:01', 1),
(58, '1', '2023-02-04 17:33:22', 1),
(59, '1', '2023-02-04 17:33:44', 1),
(60, '1', '2023-02-04 17:34:07', 1),
(61, '1', '2023-02-04 17:34:28', 1),
(62, '1', '2023-02-04 17:34:45', 1),
(63, '1', '2023-02-04 17:35:06', 1),
(64, '1', '2023-02-04 17:36:43', 1),
(65, '1', '2023-02-04 17:37:00', 1),
(66, '1', '2023-02-04 17:37:17', 1),
(67, '1', '2023-02-04 17:37:38', 1),
(68, '1', '2023-02-04 17:37:55', 1),
(69, '1', '2023-02-04 17:38:12', 1),
(70, '1', '2023-02-04 17:48:46', 1),
(71, '1', '2023-02-04 17:49:08', 1),
(72, '1', '2023-02-04 17:49:30', 1),
(73, '1', '2023-02-04 18:03:13', 1),
(74, '1', '2023-02-04 18:03:41', 1),
(75, '0', '2023-02-04 18:04:09', 1),
(76, '0', '2023-02-04 18:04:37', 1),
(77, '0', '2023-02-04 18:05:04', 1),
(78, '1', '2023-02-04 18:35:02', 1),
(79, '1', '2023-02-04 18:35:30', 1),
(80, '1', '2023-02-04 18:36:04', 1),
(81, '1', '2023-02-04 18:36:38', 1),
(82, '1', '2023-02-04 18:37:06', 1),
(83, '1', '2023-02-04 18:37:40', 1),
(84, '1', '2023-02-04 18:38:14', 1),
(85, '1', '2023-02-04 18:38:48', 1),
(86, '1', '2023-02-04 18:39:21', 1),
(87, '1', '2023-02-04 18:39:55', 1),
(88, '1', '2023-02-04 18:40:19', 1),
(89, '1', '2023-02-04 18:40:53', 1),
(90, '1', '2023-02-04 18:41:21', 1),
(91, '1', '2023-02-04 18:41:52', 1),
(92, '1', '2023-02-04 18:42:25', 1),
(93, '1', '2023-02-04 18:43:17', 1),
(94, '1', '2023-02-04 18:43:55', 1),
(95, '1', '2023-02-04 18:44:28', 1),
(96, '1', '2023-02-04 18:44:57', 1),
(97, '1', '2023-02-04 18:45:31', 1),
(98, '1', '2023-02-04 18:45:58', 1),
(99, '1', '2023-02-04 18:46:31', 1),
(100, '1', '2023-02-04 18:46:49', 1),
(101, '1', '2023-02-04 18:47:00', 1),
(102, '1', '2023-02-04 18:47:27', 1),
(103, '1', '2023-02-04 18:47:48', 1),
(104, '1', '2023-02-04 18:48:11', 1),
(105, '1', '2023-02-05 04:41:12', 1),
(106, '1', '2023-02-05 04:41:30', 1),
(107, '0', '2023-02-05 06:00:14', 1),
(108, '0', '2023-02-05 06:00:23', 1),
(109, '0', '2023-02-05 06:00:40', 1),
(110, '0', '2023-02-05 06:00:58', 1),
(111, '0', '2023-02-05 06:01:08', 1),
(112, '0', '2023-02-05 06:01:24', 1),
(113, '0', '2023-02-05 06:01:34', 1),
(114, '0', '2023-02-05 06:01:45', 1),
(115, '0', '2023-02-05 06:01:55', 1),
(116, '0', '2023-02-05 06:02:07', 1),
(117, '0', '2023-02-05 06:02:24', 1),
(118, '0', '2023-02-05 06:02:35', 1),
(119, '0', '2023-02-05 06:02:54', 1),
(120, '0', '2023-02-05 06:03:03', 1),
(121, '0', '2023-02-05 06:03:21', 1),
(122, '0', '2023-02-05 06:03:36', 1),
(123, '0', '2023-02-05 06:03:45', 1),
(124, '0', '2023-02-05 06:03:56', 1),
(125, '0', '2023-02-05 06:04:09', 1),
(126, '0', '2023-02-05 06:04:18', 1),
(127, '0', '2023-02-05 06:04:27', 1),
(128, '0', '2023-02-05 06:04:38', 1),
(129, '0', '2023-02-05 06:04:52', 1),
(130, '1', '2023-02-05 06:50:23', 1),
(131, '1', '2023-02-05 06:50:34', 1),
(132, '1', '2023-02-05 06:50:49', 1),
(133, '1', '2023-02-05 06:51:05', 1),
(134, '1', '2023-02-05 06:51:17', 1),
(135, '1', '2023-02-05 06:53:44', 1),
(136, '1', '2023-02-05 06:54:06', 1),
(137, '1', '2023-02-05 06:54:18', 1),
(138, '1', '2023-02-05 06:54:44', 1),
(139, '1', '2023-02-05 06:54:52', 1),
(140, '1', '2023-02-05 06:55:12', 1),
(141, '1', '2023-02-05 06:55:21', 1),
(142, '1', '2023-02-05 06:55:37', 1),
(143, '1', '2023-02-05 06:55:52', 1),
(144, '1', '2023-02-05 06:56:12', 1),
(145, '1', '2023-02-05 06:56:30', 1),
(146, '1', '2023-02-05 06:56:53', 1),
(147, '1', '2023-02-05 06:57:08', 1),
(148, '1', '2023-02-05 06:57:24', 1),
(149, '1', '2023-02-05 06:57:36', 1),
(150, '1', '2023-02-05 06:57:54', 1),
(151, '1', '2023-02-05 06:58:22', 1),
(152, '1', '2023-02-05 06:58:42', 1),
(153, '1', '2023-02-05 06:58:59', 1),
(154, '1', '2023-02-05 06:59:14', 1),
(155, '1', '2023-02-05 07:10:45', 1),
(156, '1', '2023-02-05 07:11:05', 1),
(157, '1', '2023-02-05 07:11:15', 1),
(158, '1', '2023-02-05 10:43:00', 1),
(159, '1', '2023-02-05 10:43:19', 1),
(160, '1', '2023-02-05 10:43:29', 1),
(161, '1', '2023-02-05 10:43:39', 1),
(162, '1', '2023-02-05 10:43:54', 1),
(163, '1', '2023-02-05 10:44:10', 1),
(164, '1', '2023-02-05 10:44:19', 1),
(165, '1', '2023-02-05 10:44:28', 1),
(166, '1', '2023-02-05 10:44:37', 1),
(167, '1', '2023-02-05 10:44:55', 1),
(168, '1', '2023-02-05 10:45:11', 1),
(169, '1', '2023-02-05 10:45:30', 1),
(170, '1', '2023-02-05 10:45:39', 1),
(171, '1', '2023-02-05 10:45:54', 1),
(172, '1', '2023-02-05 10:46:03', 1),
(173, '1', '2023-02-05 10:46:18', 1),
(174, '1', '2023-02-05 10:46:28', 1),
(175, '1', '2023-02-05 10:46:37', 1),
(176, '22', '2023-02-05 10:57:18', 1),
(177, '1', '2023-02-08 06:36:58', 1),
(178, '1', '2023-02-08 06:37:01', 1),
(179, '1', '2023-02-08 06:37:10', 1),
(180, '0', '2023-02-08 06:38:21', 1),
(181, '1', '2023-02-08 06:38:30', 1),
(182, '1', '2023-02-08 06:38:39', 1),
(183, '1', '2023-02-08 06:38:47', 1),
(184, '1', '2023-02-08 06:38:56', 1),
(185, '0', '2023-02-08 06:39:06', 1),
(186, '0', '2023-02-08 06:39:15', 1),
(187, '1', '2023-02-08 06:39:23', 1),
(188, '0', '2023-02-08 06:39:32', 1),
(189, '1', '2023-02-08 06:39:41', 1),
(190, '1', '2023-02-08 06:39:50', 1),
(191, '1', '2023-02-08 06:39:59', 1),
(192, '1', '2023-02-08 06:41:08', 1),
(193, '1', '2023-02-08 06:41:18', 1),
(194, '1', '2023-02-08 06:41:27', 1),
(195, '1', '2023-02-08 06:41:36', 1),
(196, '1', '2023-02-08 06:41:40', 1),
(197, '1', '2023-02-08 06:41:50', 1),
(198, '1', '2023-02-08 06:42:04', 1),
(199, '1', '2023-02-08 06:42:09', 1),
(200, '1', '2023-02-08 06:42:13', 1),
(201, '1', '2023-02-08 06:42:21', 1),
(202, '0', '2023-02-08 06:42:30', 1),
(203, '0', '2023-02-08 06:42:34', 1),
(204, '0', '2023-02-08 06:42:44', 1),
(205, '0', '2023-02-08 06:42:53', 1),
(206, '0', '2023-02-08 06:43:02', 1),
(207, '1', '2023-02-08 06:43:10', 1),
(208, '1', '2023-02-08 06:43:21', 1),
(209, '1', '2023-02-08 06:43:25', 1),
(210, '1', '2023-02-08 06:43:33', 1),
(211, '1', '2023-02-08 06:43:37', 1),
(212, '1', '2023-02-08 06:43:46', 1),
(213, '1', '2023-02-08 06:43:57', 1),
(214, '1', '2023-02-08 06:44:01', 1),
(215, '1', '2023-02-08 06:44:04', 1),
(216, '1', '2023-02-08 06:44:13', 1),
(217, '1', '2023-02-08 06:44:22', 1),
(218, '1', '2023-02-08 06:44:31', 1),
(219, '1', '2023-02-08 06:44:44', 1),
(220, '1', '2023-02-08 06:44:57', 1),
(221, '0', '2023-02-08 06:45:01', 1),
(222, '0', '2023-02-08 06:45:06', 1),
(223, '0', '2023-02-08 06:45:11', 1),
(224, '0', '2023-02-08 06:45:15', 1),
(225, '0', '2023-02-08 06:45:19', 1),
(226, '0', '2023-02-08 06:45:23', 1),
(227, '0', '2023-02-08 06:45:32', 1),
(228, '0', '2023-02-08 06:45:36', 1),
(229, '0', '2023-02-08 06:45:42', 1),
(230, '0', '2023-02-08 06:45:45', 1),
(231, '0', '2023-02-08 06:45:49', 1),
(232, '0', '2023-02-08 06:46:01', 1),
(233, '1', '2023-02-08 06:46:04', 1),
(234, '1', '2023-02-08 06:46:11', 1),
(235, '1', '2023-02-08 06:46:15', 1),
(236, '1', '2023-02-08 06:51:33', 1),
(237, '0', '2023-02-08 06:51:42', 1),
(238, '1', '2023-02-08 06:51:51', 1),
(239, '1', '2023-02-08 06:52:00', 1),
(240, '1', '2023-02-08 06:52:09', 1),
(241, '0', '2023-02-08 06:52:17', 1),
(242, '1', '2023-02-08 06:52:26', 1),
(243, '1', '2023-02-08 06:52:36', 1),
(244, '1', '2023-02-08 06:52:44', 1),
(245, '1', '2023-02-08 06:52:53', 1),
(246, '1', '2023-02-08 06:53:02', 1),
(247, '1', '2023-02-08 06:53:11', 1),
(248, '1', '2023-02-08 06:53:20', 1),
(249, '1', '2023-02-08 06:54:09', 1),
(250, '1', '2023-02-08 06:54:42', 1),
(251, '1', '2023-02-08 06:54:51', 1),
(252, '0', '2023-02-08 06:54:59', 1),
(253, '0', '2023-02-08 06:55:10', 1),
(254, '1', '2023-02-08 06:55:19', 1),
(255, '1', '2023-02-08 06:55:28', 1),
(256, '1', '2023-02-08 06:55:37', 1),
(257, '1', '2023-02-08 06:55:46', 1),
(258, '1', '2023-02-08 06:55:55', 1),
(259, '1', '2023-02-08 06:56:03', 1),
(260, '1', '2023-02-08 06:56:13', 1),
(261, '1', '2023-02-08 06:56:22', 1),
(262, '1', '2023-02-08 06:56:31', 1),
(263, '1', '2023-02-08 06:56:34', 1),
(264, '1', '2023-02-08 06:56:43', 1),
(265, '1', '2023-02-08 06:56:52', 1),
(266, '1', '2023-02-08 06:57:01', 1),
(267, '1', '2023-02-08 06:57:10', 1),
(268, '1', '2023-02-08 06:57:19', 1),
(269, '1', '2023-02-08 06:57:28', 1),
(270, '1', '2023-02-08 06:57:37', 1),
(271, '1', '2023-02-08 06:57:46', 1),
(272, '1', '2023-02-08 06:57:55', 1),
(273, '1', '2023-02-08 06:58:03', 1),
(274, '1', '2023-02-08 06:58:12', 1),
(275, '1', '2023-02-08 06:58:22', 1),
(276, '1', '2023-02-08 06:58:30', 1),
(277, '1', '2023-02-08 06:58:39', 1),
(278, '1', '2023-02-08 06:58:48', 1),
(279, '1', '2023-02-08 06:58:57', 1),
(280, '1', '2023-02-08 06:59:06', 1),
(281, '1', '2023-02-08 06:59:14', 1),
(282, '1', '2023-02-08 06:59:24', 1),
(283, '1', '2023-02-08 06:59:34', 1),
(284, '1', '2023-02-08 06:59:37', 1),
(285, '1', '2023-02-08 06:59:46', 1),
(286, '1', '2023-02-08 06:59:55', 1),
(287, '1', '2023-02-08 07:00:04', 1),
(288, '1', '2023-02-08 07:00:13', 1),
(289, '1', '2023-02-08 07:00:17', 1),
(290, '1', '2023-02-08 07:00:26', 1),
(291, '1', '2023-02-08 07:00:35', 1),
(292, '1', '2023-02-08 07:00:39', 1),
(293, '1', '2023-02-08 07:00:49', 1),
(294, '1', '2023-02-08 07:00:58', 1),
(295, '1', '2023-02-08 07:01:02', 1),
(296, '1', '2023-02-08 07:01:11', 1),
(297, '1', '2023-02-08 07:01:20', 1),
(298, '1', '2023-02-08 07:01:29', 1),
(299, '1', '2023-02-08 07:01:38', 1),
(300, '1', '2023-02-08 07:01:50', 1),
(301, '1', '2023-02-08 07:01:59', 1),
(302, '1', '2023-02-08 07:02:02', 1),
(303, '1', '2023-02-08 07:02:11', 1),
(304, '1', '2023-02-08 07:02:20', 1),
(305, '1', '2023-02-08 07:02:29', 1),
(306, '1', '2023-02-08 07:02:38', 1),
(307, '1', '2023-02-08 07:02:47', 1),
(308, '1', '2023-02-08 07:02:56', 1),
(309, '1', '2023-02-08 07:03:04', 1),
(310, '1', '2023-02-08 07:03:14', 1),
(311, '1', '2023-02-08 07:03:18', 1),
(312, '1', '2023-02-08 07:03:28', 1),
(313, '1', '2023-02-08 07:03:37', 1),
(314, '1', '2023-02-08 07:03:45', 1),
(315, '1', '2023-02-08 07:03:54', 1),
(316, '1', '2023-02-08 07:04:03', 1),
(317, '1', '2023-02-08 07:04:12', 1),
(318, '1', '2023-02-08 07:04:21', 1),
(319, '1', '2023-02-08 07:04:30', 1),
(320, '1', '2023-02-08 07:04:39', 1),
(321, '1', '2023-02-08 07:04:48', 1),
(322, '1', '2023-02-08 07:04:57', 1),
(323, '1', '2023-02-08 07:05:06', 1),
(324, '1', '2023-02-08 07:05:15', 1),
(325, '1', '2023-02-08 07:05:24', 1),
(326, '1', '2023-02-08 07:05:33', 1),
(327, '1', '2023-02-08 07:05:42', 1),
(328, '1', '2023-02-08 07:05:51', 1),
(329, '1', '2023-02-08 07:06:00', 1),
(330, '1', '2023-02-08 07:06:08', 1),
(331, '1', '2023-02-08 07:06:17', 1),
(332, '1', '2023-02-08 07:06:21', 1),
(333, '1', '2023-02-08 07:06:30', 1),
(334, '1', '2023-02-08 07:06:39', 1),
(335, '1', '2023-02-08 07:06:48', 1),
(336, '1', '2023-02-08 07:06:57', 1),
(337, '1', '2023-02-08 07:07:06', 1),
(338, '1', '2023-02-08 07:07:15', 1),
(339, '1', '2023-02-08 07:07:23', 1),
(340, '1', '2023-02-08 07:07:33', 1),
(341, '1', '2023-02-08 07:07:42', 1),
(342, '1', '2023-02-08 07:07:51', 1),
(343, '1', '2023-02-08 07:08:00', 1),
(344, '1', '2023-02-08 07:08:09', 1),
(345, '1', '2023-02-08 07:08:17', 1),
(346, '1', '2023-02-08 07:08:26', 1),
(347, '1', '2023-02-08 07:08:36', 1),
(348, '1', '2023-02-08 07:08:44', 1),
(349, '1', '2023-02-08 07:08:53', 1),
(350, '1', '2023-02-08 07:09:02', 1),
(351, '1', '2023-02-08 07:09:11', 1),
(352, '1', '2023-02-08 07:09:20', 1),
(353, '1', '2023-02-08 07:09:24', 1),
(354, '1', '2023-02-08 07:09:33', 1),
(355, '1', '2023-02-08 07:10:43', 1),
(356, '1', '2023-02-08 07:10:52', 1),
(357, '1', '2023-02-08 07:11:01', 1),
(358, '1', '2023-02-08 07:11:10', 1),
(359, '1', '2023-02-08 07:11:19', 1),
(360, '1', '2023-02-08 07:11:22', 1),
(361, '1', '2023-02-08 07:11:31', 1),
(362, '1', '2023-02-08 07:11:40', 1),
(363, '1', '2023-02-08 07:11:50', 1),
(364, '1', '2023-02-08 07:11:59', 1),
(365, '1', '2023-02-08 07:12:08', 1),
(366, '1', '2023-02-08 07:12:16', 1),
(367, '1', '2023-02-08 07:12:25', 1),
(368, '1', '2023-02-08 07:12:34', 1),
(369, '1', '2023-02-08 07:12:43', 1),
(370, '1', '2023-02-08 07:12:52', 1),
(371, '1', '2023-02-08 07:13:01', 1),
(372, '1', '2023-02-08 07:13:10', 1),
(373, '1', '2023-02-08 07:13:19', 1),
(374, '1', '2023-02-08 07:13:22', 1),
(375, '1', '2023-02-08 07:13:26', 1),
(376, '1', '2023-02-08 07:13:35', 1),
(377, '1', '2023-02-08 07:13:44', 1),
(378, '1', '2023-02-08 07:15:00', 1),
(379, '1', '2023-02-08 07:15:09', 1),
(380, '1', '2023-02-08 07:15:17', 1),
(381, '1', '2023-02-08 07:15:21', 1),
(382, '1', '2023-02-08 07:15:30', 1),
(383, '1', '2023-02-08 07:15:39', 1),
(384, '1', '2023-02-08 07:15:48', 1),
(385, '1', '2023-02-08 07:15:52', 1),
(386, '1', '2023-02-08 07:16:32', 1),
(387, '1', '2023-02-08 07:16:41', 1),
(388, '1', '2023-02-08 07:16:50', 1),
(389, '1', '2023-02-08 07:16:59', 1),
(390, '1', '2023-02-08 07:17:08', 1),
(391, '1', '2023-02-10 06:06:24', 1),
(392, '1', '2023-02-10 06:06:33', 1),
(393, '1', '2023-02-10 06:06:42', 1),
(394, '1', '2023-02-10 06:06:46', 1),
(395, '1', '2023-02-10 06:06:55', 1),
(396, '0', '2023-02-10 10:44:02', 1),
(397, '0', '2023-02-10 10:44:12', 1),
(398, '0', '2023-02-10 10:44:17', 1),
(399, '0', '2023-02-10 10:44:23', 1),
(400, '0', '2023-02-10 10:44:28', 1),
(401, '1', '2023-02-10 10:49:41', 1),
(402, '1', '2023-02-10 12:11:21', 1),
(403, '0', '2023-02-10 12:11:51', 1),
(404, '1', '2023-02-10 12:12:15', 1),
(405, '1', '2023-02-10 12:12:27', 1),
(406, '1', '2023-02-10 12:26:08', 1),
(407, '1', '2023-02-10 12:26:42', 1),
(408, '1', '2023-02-10 12:44:14', 1),
(409, '1', '2023-02-10 12:44:31', 1),
(410, '1', '2023-02-10 12:44:48', 1),
(411, '1', '2023-02-10 12:45:10', 1),
(412, '1', '2023-02-10 12:45:33', 1),
(413, '1', '2023-02-10 12:45:55', 1),
(414, '1', '2023-02-10 12:46:11', 1),
(415, '1', '2023-02-10 12:46:29', 1),
(416, '1', '2023-02-10 12:46:41', 1),
(417, '1', '2023-02-10 12:46:53', 1),
(418, '1', '2023-02-10 12:47:15', 1),
(419, '1', '2023-02-10 12:47:33', 1),
(420, '1', '2023-02-10 12:48:06', 1),
(421, '1', '2023-02-10 12:48:39', 1),
(422, '0', '2023-02-10 12:48:50', 1),
(423, '1', '2023-02-10 12:49:10', 1),
(424, '1', '2023-02-10 12:49:19', 1),
(425, '1', '2023-02-10 12:49:31', 1),
(426, '1', '2023-02-10 12:49:39', 1),
(427, '1', '2023-02-10 12:49:54', 1),
(428, '1', '2023-02-10 12:57:06', 1),
(429, '1', '2023-02-10 12:57:28', 1),
(430, '1', '2023-02-10 12:57:45', 1),
(431, '1', '2023-02-10 12:58:00', 1),
(432, '1', '2023-02-10 12:58:09', 1),
(433, '0', '2023-02-10 12:58:21', 1),
(434, '0', '2023-02-10 12:58:34', 1),
(435, '1', '2023-02-10 12:58:46', 1),
(436, '1', '2023-02-10 12:59:02', 1),
(437, '1', '2023-02-10 12:59:15', 1),
(438, '1', '2023-02-10 12:59:27', 1),
(439, '0', '2023-02-10 12:59:39', 1),
(440, '1', '2023-02-10 12:59:54', 1),
(441, '1', '2023-02-10 13:00:09', 1),
(442, '1', '2023-02-10 13:00:45', 1),
(443, '1', '2023-02-10 13:01:05', 1),
(444, '1', '2023-02-10 13:01:23', 1),
(445, '1', '2023-02-10 13:01:29', 1),
(446, '1', '2023-02-10 13:01:48', 1),
(447, '1', '2023-02-10 13:02:05', 1),
(448, '1', '2023-02-10 13:02:22', 1),
(449, '1', '2023-02-10 13:02:39', 1),
(450, '1', '2023-02-10 13:03:01', 1),
(451, '1', '2023-02-10 13:03:25', 1),
(452, '1', '2023-02-10 13:03:42', 1),
(453, '1', '2023-02-10 13:03:59', 1),
(454, '1', '2023-02-10 13:04:16', 1),
(455, '1', '2023-02-10 13:04:33', 1),
(456, '1', '2023-02-10 13:04:50', 1),
(457, '1', '2023-02-10 13:05:03', 1),
(458, '1', '2023-02-10 13:05:20', 1),
(459, '1', '2023-02-10 13:05:32', 1),
(460, '1', '2023-02-10 13:05:54', 1),
(461, '1', '2023-02-10 13:06:11', 1),
(462, '1', '2023-02-10 13:06:29', 1),
(463, '1', '2023-02-10 13:06:51', 1),
(464, '1', '2023-02-10 13:07:07', 1),
(465, '1', '2023-02-10 13:07:25', 1),
(466, '1', '2023-02-10 13:07:37', 1),
(467, '1', '2023-02-10 13:07:54', 1),
(468, '1', '2023-02-10 13:08:12', 1),
(469, '1', '2023-02-10 13:08:29', 1),
(470, '1', '2023-02-10 13:08:46', 1),
(471, '1', '2023-02-10 13:08:58', 1),
(472, '1', '2023-02-10 13:09:10', 1),
(473, '1', '2023-02-10 13:09:23', 1),
(474, '1', '2023-02-10 13:09:30', 1),
(475, '1', '2023-02-10 13:09:52', 1),
(476, '1', '2023-02-10 13:10:13', 1),
(477, '1', '2023-02-10 13:11:26', 1),
(478, '1', '2023-02-10 13:11:48', 1),
(479, '1', '2023-02-10 13:12:06', 1),
(480, '1', '2023-02-10 13:12:23', 1),
(481, '1', '2023-02-10 13:12:40', 1),
(482, '1', '2023-02-10 13:12:58', 1),
(483, '1', '2023-02-10 13:13:24', 1),
(484, '1', '2023-02-10 13:13:37', 1),
(485, '1', '2023-02-10 13:13:54', 1),
(486, '1', '2023-02-10 13:14:07', 1),
(487, '1', '2023-02-10 13:14:15', 1),
(488, '1', '2023-02-10 13:14:27', 1),
(489, '1', '2023-02-10 13:14:39', 1),
(490, '1', '2023-02-10 13:15:00', 1),
(491, '1', '2023-02-10 13:15:14', 1),
(492, '1', '2023-02-10 13:15:31', 1),
(493, '1', '2023-02-10 13:15:51', 1),
(494, '1', '2023-02-10 13:16:03', 1),
(495, '1', '2023-02-10 13:16:19', 1),
(496, '1', '2023-02-10 13:16:29', 1),
(497, '1', '2023-02-10 13:16:39', 1),
(498, '1', '2023-02-10 13:16:46', 1),
(499, '1', '2023-02-10 13:16:55', 1),
(500, '1', '2023-02-10 21:15:16', 1),
(501, '1', '2023-02-10 21:15:30', 1),
(502, '0', '2023-02-10 21:15:40', 1),
(503, '1', '2023-02-11 00:40:38', 1),
(504, '1', '2023-02-11 00:40:57', 1),
(505, '1', '2023-02-11 00:41:11', 1),
(506, '1', '2023-02-11 00:41:21', 1),
(507, '1', '2023-02-11 00:42:05', 1),
(508, '1', '2023-02-11 00:42:24', 1),
(509, '1', '2023-02-11 00:42:32', 1),
(510, '1', '2023-02-11 00:42:46', 1),
(511, '1', '2023-02-11 00:42:55', 1),
(512, '1', '2023-02-11 00:43:10', 1),
(513, '1', '2023-02-11 00:43:23', 1),
(514, '1', '2023-02-11 00:43:32', 1),
(515, '1', '2023-02-11 00:43:41', 1),
(516, '1', '2023-02-11 00:43:51', 1),
(517, '1', '2023-02-11 00:44:05', 1),
(518, '1', '2023-02-11 00:44:15', 1),
(519, '1', '2023-02-11 00:44:23', 1),
(520, '1', '2023-02-11 00:44:32', 1),
(521, '1', '2023-02-11 00:44:40', 1),
(522, '1', '2023-02-11 00:44:49', 1),
(523, '1', '2023-02-11 00:44:57', 1),
(524, '1', '2023-02-11 00:46:28', 1),
(525, '1', '2023-02-11 00:46:53', 1),
(526, '1', '2023-02-11 00:47:02', 1),
(527, '1', '2023-02-11 00:47:21', 1),
(528, '1', '2023-02-11 00:48:33', 1),
(529, '1', '2023-02-11 00:48:47', 1),
(530, '1', '2023-02-11 00:49:00', 1),
(531, '1', '2023-02-11 00:49:09', 1),
(532, '1', '2023-02-11 00:49:18', 1),
(533, '1', '2023-02-11 00:49:32', 1),
(534, '1', '2023-02-11 00:49:41', 1),
(535, '1', '2023-02-11 01:01:25', 1),
(536, '1', '2023-02-11 01:01:38', 1),
(537, '1', '2023-02-11 01:03:13', 1),
(538, '1', '2023-02-11 01:03:28', 1),
(539, '1', '2023-02-11 01:03:38', 1),
(540, '1', '2023-02-11 01:03:48', 1),
(541, '1', '2023-02-11 01:04:24', 1),
(542, '1', '2023-02-11 01:04:35', 1),
(543, '1', '2023-02-11 01:04:44', 1),
(544, '1', '2023-02-11 01:04:55', 1),
(545, '0', '2023-02-11 01:05:10', 1),
(546, '1', '2023-02-11 01:09:00', 1),
(547, '1', '2023-02-11 01:09:29', 1),
(548, '1', '2023-02-11 01:09:48', 1),
(549, '1', '2023-02-11 01:09:58', 1),
(550, '1', '2023-02-11 01:10:11', 1),
(551, '1', '2023-02-11 01:10:25', 1),
(552, '1', '2023-02-11 01:10:35', 1),
(553, '1', '2023-02-11 01:11:40', 1),
(554, '1', '2023-02-11 01:12:12', 1),
(555, '1', '2023-02-11 01:12:26', 1),
(556, '1', '2023-02-11 01:12:36', 1),
(557, '1', '2023-02-11 01:12:47', 1),
(558, '1', '2023-02-11 01:12:57', 1),
(559, '1', '2023-02-11 01:13:07', 1),
(560, '1', '2023-02-11 01:13:28', 1),
(561, '1', '2023-02-11 02:03:06', 1),
(562, '1', '2023-02-11 02:03:38', 1),
(563, '1', '2023-02-11 02:03:45', 1),
(564, '1', '2023-02-11 02:03:55', 1),
(565, '1', '2023-02-11 02:04:06', 1),
(566, '1', '2023-02-11 02:04:15', 1),
(567, '1', '2023-02-11 02:04:30', 1),
(568, '1', '2023-02-11 02:04:40', 1),
(569, '1', '2023-02-11 02:04:50', 1),
(570, '1', '2023-02-11 02:05:40', 1),
(571, '1', '2023-02-11 02:05:44', 1),
(572, '1', '2023-02-11 02:05:51', 1),
(573, '1', '2023-02-11 02:06:08', 1),
(574, '1', '2023-02-11 02:06:19', 1),
(575, '1', '2023-02-11 02:06:24', 1),
(576, '1', '2023-02-11 02:06:31', 1),
(577, '1', '2023-02-11 02:06:44', 1),
(578, '1', '2023-02-11 02:06:51', 1),
(579, '1', '2023-02-11 02:06:58', 1),
(580, '1', '2023-02-11 02:07:04', 1),
(581, '1', '2023-02-11 04:52:49', 1),
(582, '1', '2023-02-11 04:53:10', 1),
(583, '1', '2023-02-11 04:53:22', 1),
(584, '1', '2023-02-11 04:53:33', 1),
(585, '1', '2023-02-11 04:53:45', 1),
(586, '1', '2023-02-11 04:53:57', 1),
(587, '1', '2023-02-11 04:54:14', 1),
(588, '0', '2023-02-11 04:54:38', 1),
(589, '1', '2023-02-11 04:54:54', 1),
(590, '1', '2023-02-11 04:55:00', 1),
(591, '1', '2023-02-11 04:55:12', 1),
(592, '1', '2023-02-11 04:55:29', 1),
(593, '1', '2023-02-11 04:55:36', 1),
(594, '1', '2023-02-11 08:37:42', 1),
(595, '1', '2023-02-11 08:37:59', 1),
(596, '1', '2023-02-11 08:38:07', 1),
(597, '1', '2023-02-11 08:38:13', 1),
(598, '1', '2023-02-11 08:38:26', 1),
(599, '1', '2023-02-11 08:38:39', 1),
(600, '1', '2023-02-11 08:38:46', 1),
(601, '1', '2023-02-11 08:38:58', 1),
(602, '1', '2023-02-11 08:39:06', 1),
(603, '1', '2023-02-11 08:39:21', 1),
(604, '1', '2023-02-11 08:39:36', 1),
(605, '1', '2023-02-11 08:39:53', 1),
(606, '1', '2023-02-11 08:39:59', 1),
(607, '1', '2023-02-11 08:40:06', 1),
(608, '1', '2023-02-11 08:40:23', 1),
(609, '1', '2023-02-11 08:40:30', 1),
(610, '1', '2023-02-11 08:40:37', 1),
(611, '1', '2023-02-11 08:40:48', 1),
(612, '1', '2023-02-11 08:40:56', 1),
(613, '1', '2023-02-11 08:41:08', 1);

-- --------------------------------------------------------

--
-- Table structure for table `ir_table`
--

CREATE TABLE `ir_table` (
  `IR_id` int(25) NOT NULL,
  `IR_value` varchar(25) NOT NULL,
  `Reading_time` timestamp NOT NULL DEFAULT current_timestamp(),
  `Device_id` int(25) NOT NULL
) ENGINE=InnoDB DEFAULT CHARSET=utf8mb4;

--
-- Dumping data for table `ir_table`
--

INSERT INTO `ir_table` (`IR_id`, `IR_value`, `Reading_time`, `Device_id`) VALUES
(13, '500', '2022-12-14 05:39:25', 1),
(14, '500', '2022-12-14 10:26:22', 1),
(15, '500', '2022-12-14 10:26:31', 1),
(17, '500', '2022-12-14 10:26:42', 2),
(18, '530', '2022-12-14 10:26:49', 2),
(19, '531', '2022-12-14 10:26:55', 2),
(20, '555', '2022-12-14 12:27:48', 2),
(21, '555', '2022-12-14 12:27:54', 1),
(22, '555', '2022-12-14 12:29:40', 1),
(23, '554', '2022-12-14 12:29:48', 1),
(25, '500', '2022-12-23 09:28:49', 1),
(26, '500', '2022-12-25 06:29:36', 10),
(27, '500', '2022-12-25 06:29:42', 7),
(28, '500', '2022-12-25 06:29:46', 9),
(29, '500', '2022-12-25 06:29:49', 4),
(30, '3', '2023-02-04 15:25:57', 2),
(31, '3', '2023-02-04 15:28:30', 2),
(32, '0', '2023-02-04 16:53:08', 1),
(33, '0', '2023-02-04 16:53:11', 1),
(34, '0', '2023-02-04 16:53:15', 1),
(35, '0', '2023-02-04 16:53:19', 1),
(36, '0', '2023-02-04 16:53:23', 1),
(37, '1', '2023-02-04 16:53:27', 1),
(38, '1', '2023-02-04 16:53:33', 1),
(39, '1', '2023-02-04 16:53:35', 1),
(40, '0', '2023-02-04 16:53:39', 1),
(41, '0', '2023-02-04 16:53:42', 1),
(42, '0', '2023-02-04 16:53:46', 1),
(43, '0', '2023-02-04 16:53:50', 1),
(44, '0', '2023-02-04 16:53:54', 1),
(45, '0', '2023-02-04 16:53:58', 1),
(46, '0', '2023-02-04 16:54:02', 1),
(47, '0', '2023-02-04 16:54:06', 1),
(48, '0', '2023-02-04 16:54:09', 1),
(49, '0', '2023-02-04 16:54:13', 1),
(50, '0', '2023-02-04 16:54:17', 1),
(51, '0', '2023-02-04 16:54:21', 1),
(52, '0', '2023-02-04 16:54:27', 1),
(53, '0', '2023-02-04 16:54:31', 1),
(54, '0', '2023-02-04 16:54:35', 1),
(55, '0', '2023-02-04 16:54:39', 1),
(56, '0', '2023-02-04 16:54:43', 1),
(57, '0', '2023-02-04 16:54:47', 1),
(58, '0', '2023-02-04 16:54:53', 1),
(59, '0', '2023-02-04 16:54:56', 1),
(60, '0', '2023-02-04 16:55:00', 1),
(61, '0', '2023-02-04 16:55:05', 1),
(62, '0', '2023-02-04 16:55:09', 1),
(63, '0', '2023-02-04 16:55:13', 1),
(64, '0', '2023-02-04 16:55:16', 1),
(65, '0', '2023-02-04 16:55:23', 1),
(66, '0', '2023-02-04 16:55:27', 1),
(67, '0', '2023-02-04 16:55:31', 1),
(68, '0', '2023-02-04 16:55:35', 1),
(69, '0', '2023-02-04 16:55:39', 1),
(70, '0', '2023-02-04 16:55:43', 1),
(71, '0', '2023-02-04 16:55:47', 1),
(72, '0', '2023-02-04 16:55:51', 1),
(73, '0', '2023-02-04 16:55:56', 1),
(74, '0', '2023-02-04 16:56:00', 1),
(75, '0', '2023-02-04 16:56:06', 1),
(76, '0', '2023-02-04 16:56:10', 1),
(77, '0', '2023-02-04 16:56:13', 1),
(78, '0', '2023-02-04 16:56:17', 1),
(79, '0', '2023-02-04 16:56:21', 1),
(80, '0', '2023-02-04 16:56:25', 1),
(81, '0', '2023-02-04 16:56:29', 1),
(82, '0', '2023-02-04 16:56:33', 1),
(83, '0', '2023-02-04 16:56:37', 1),
(84, '0', '2023-02-04 16:56:40', 1),
(85, '0', '2023-02-04 16:56:44', 1),
(86, '0', '2023-02-04 16:56:48', 1),
(87, '0', '2023-02-04 16:56:52', 1),
(88, '0', '2023-02-04 16:56:56', 1),
(89, '0', '2023-02-04 16:57:00', 1),
(90, '0', '2023-02-04 16:57:03', 1),
(91, '0', '2023-02-04 16:57:07', 1),
(92, '0', '2023-02-04 16:57:11', 1),
(93, '0', '2023-02-04 16:57:15', 1),
(94, '0', '2023-02-04 16:57:19', 1),
(95, '0', '2023-02-04 16:57:22', 1),
(96, '0', '2023-02-04 16:57:26', 1),
(97, '0', '2023-02-04 16:57:31', 1),
(98, '0', '2023-02-04 16:57:35', 1),
(99, '0', '2023-02-04 16:57:39', 1),
(100, '0', '2023-02-04 16:57:42', 1),
(101, '0', '2023-02-04 16:57:47', 1),
(102, '0', '2023-02-04 16:57:51', 1),
(103, '0', '2023-02-04 16:57:55', 1),
(104, '0', '2023-02-04 16:57:58', 1),
(105, '0', '2023-02-04 16:58:02', 1),
(106, '0', '2023-02-04 16:58:06', 1),
(107, '0', '2023-02-04 16:58:10', 1),
(108, '0', '2023-02-04 16:58:14', 1),
(109, '0', '2023-02-04 16:58:18', 1),
(110, '0', '2023-02-04 16:58:22', 1),
(111, '0', '2023-02-04 16:58:25', 1),
(112, '0', '2023-02-04 16:58:29', 1),
(113, '0', '2023-02-04 16:58:34', 1),
(114, '0', '2023-02-04 16:58:38', 1),
(115, '0', '2023-02-04 16:58:41', 1),
(116, '0', '2023-02-04 16:58:46', 1),
(117, '0', '2023-02-04 16:58:49', 1),
(118, '0', '2023-02-04 16:58:53', 1),
(119, '0', '2023-02-04 16:58:57', 1),
(120, '0', '2023-02-04 16:59:01', 1),
(121, '0', '2023-02-04 16:59:05', 1),
(122, '0', '2023-02-04 16:59:09', 1),
(123, '0', '2023-02-04 16:59:13', 1),
(124, '0', '2023-02-04 16:59:16', 1),
(125, '0', '2023-02-04 16:59:20', 1),
(126, '0', '2023-02-04 16:59:24', 1),
(127, '0', '2023-02-04 16:59:28', 1),
(128, '0', '2023-02-04 16:59:32', 1),
(129, '0', '2023-02-04 16:59:36', 1),
(130, '0', '2023-02-04 16:59:40', 1),
(131, '0', '2023-02-04 16:59:44', 1),
(132, '0', '2023-02-04 16:59:48', 1),
(133, '0', '2023-02-04 16:59:52', 1),
(134, '0', '2023-02-04 16:59:55', 1),
(135, '0', '2023-02-04 16:59:59', 1),
(136, '0', '2023-02-04 17:00:03', 1),
(137, '0', '2023-02-04 17:00:07', 1),
(138, '0', '2023-02-04 17:00:11', 1),
(139, '0', '2023-02-04 17:00:15', 1),
(140, '0', '2023-02-04 17:00:19', 1),
(141, '0', '2023-02-04 17:00:23', 1),
(142, '0', '2023-02-04 17:00:28', 1),
(143, '0', '2023-02-04 17:00:32', 1),
(144, '0', '2023-02-04 17:00:36', 1),
(145, '0', '2023-02-04 17:00:40', 1),
(146, '0', '2023-02-04 17:00:45', 1),
(147, '0', '2023-02-04 17:00:49', 1),
(148, '0', '2023-02-04 17:00:52', 1),
(149, '0', '2023-02-04 17:00:56', 1),
(150, '0', '2023-02-04 17:01:00', 1),
(151, '0', '2023-02-04 17:01:04', 1),
(152, '0', '2023-02-04 17:01:08', 1),
(153, '0', '2023-02-04 17:01:11', 1),
(154, '0', '2023-02-04 17:02:08', 1),
(155, '0', '2023-02-04 17:02:11', 1),
(156, '0', '2023-02-04 17:02:15', 1),
(157, '0', '2023-02-04 17:02:19', 1),
(158, '0', '2023-02-04 17:02:23', 1),
(159, '0', '2023-02-04 17:02:27', 1),
(160, '0', '2023-02-04 17:02:31', 1),
(161, '0', '2023-02-04 17:02:34', 1),
(162, '0', '2023-02-04 17:02:38', 1),
(163, '0', '2023-02-04 17:02:42', 1),
(164, '0', '2023-02-04 17:02:46', 1),
(165, '0', '2023-02-04 17:02:50', 1),
(166, '0', '2023-02-04 17:02:54', 1),
(167, '0', '2023-02-04 17:02:58', 1),
(168, '0', '2023-02-04 17:03:01', 1),
(169, '0', '2023-02-04 17:03:05', 1),
(170, '0', '2023-02-04 17:03:10', 1),
(171, '0', '2023-02-04 17:03:13', 1),
(172, '0', '2023-02-04 17:03:17', 1),
(173, '0', '2023-02-04 17:03:21', 1),
(174, '0', '2023-02-04 17:03:25', 1),
(175, '0', '2023-02-04 17:03:29', 1),
(176, '0', '2023-02-04 17:03:33', 1),
(177, '0', '2023-02-04 17:03:36', 1),
(178, '0', '2023-02-04 17:03:40', 1),
(179, '0', '2023-02-04 17:03:44', 1),
(180, '0', '2023-02-04 17:03:48', 1),
(181, '0', '2023-02-04 17:03:52', 1),
(182, '0', '2023-02-04 17:03:55', 1),
(183, '0', '2023-02-04 17:03:59', 1),
(184, '0', '2023-02-04 17:04:03', 1),
(185, '0', '2023-02-04 17:04:07', 1),
(186, '0', '2023-02-04 17:04:11', 1),
(187, '0', '2023-02-04 17:04:15', 1),
(188, '0', '2023-02-04 17:04:19', 1),
(189, '0', '2023-02-04 17:04:23', 1),
(190, '0', '2023-02-04 17:04:27', 1),
(191, '0', '2023-02-04 17:04:30', 1),
(192, '0', '2023-02-04 17:04:34', 1),
(193, '0', '2023-02-04 17:04:38', 1),
(194, '0', '2023-02-04 17:04:42', 1),
(195, '0', '2023-02-04 17:04:46', 1),
(196, '0', '2023-02-04 17:04:50', 1),
(197, '0', '2023-02-04 17:04:53', 1),
(198, '0', '2023-02-04 17:04:57', 1),
(199, '0', '2023-02-04 17:05:01', 1),
(200, '0', '2023-02-04 17:05:05', 1),
(201, '0', '2023-02-04 17:05:09', 1),
(202, '0', '2023-02-04 17:05:16', 1),
(203, '0', '2023-02-04 17:05:20', 1),
(204, '0', '2023-02-04 17:05:24', 1),
(205, '0', '2023-02-04 17:05:28', 1),
(206, '0', '2023-02-04 17:05:32', 1),
(207, '0', '2023-02-04 17:05:35', 1),
(208, '0', '2023-02-04 17:05:39', 1),
(209, '0', '2023-02-04 17:05:44', 1),
(210, '0', '2023-02-04 17:05:47', 1),
(211, '0', '2023-02-04 17:05:51', 1),
(212, '0', '2023-02-04 17:05:55', 1),
(213, '0', '2023-02-04 17:05:58', 1),
(214, '0', '2023-02-04 17:06:02', 1),
(215, '0', '2023-02-04 17:06:06', 1),
(216, '0', '2023-02-04 17:06:10', 1),
(217, '0', '2023-02-04 17:06:17', 1),
(218, '0', '2023-02-04 17:06:17', 1),
(219, '0', '2023-02-04 17:06:21', 1),
(220, '0', '2023-02-04 17:06:25', 1),
(221, '0', '2023-02-04 17:06:29', 1),
(222, '0', '2023-02-04 17:06:33', 1),
(223, '0', '2023-02-04 17:06:37', 1),
(224, '0', '2023-02-04 17:06:40', 1),
(225, '0', '2023-02-04 17:06:44', 1),
(226, '0', '2023-02-04 17:06:48', 1),
(227, '0', '2023-02-04 17:06:52', 1),
(228, '0', '2023-02-04 17:06:56', 1),
(229, '0', '2023-02-04 17:07:00', 1),
(230, '0', '2023-02-04 17:07:04', 1),
(231, '0', '2023-02-04 17:07:08', 1),
(232, '0', '2023-02-04 17:07:12', 1),
(233, '0', '2023-02-04 17:07:16', 1),
(234, '0', '2023-02-04 17:07:20', 1),
(235, '0', '2023-02-04 17:07:24', 1),
(236, '0', '2023-02-04 17:07:28', 1),
(237, '0', '2023-02-04 17:07:31', 1),
(238, '0', '2023-02-04 17:07:35', 1),
(239, '0', '2023-02-04 17:07:39', 1),
(240, '0', '2023-02-04 17:07:43', 1),
(241, '0', '2023-02-04 17:07:47', 1),
(242, '0', '2023-02-04 17:07:51', 1),
(243, '0', '2023-02-04 17:07:54', 1),
(244, '0', '2023-02-04 17:07:58', 1),
(245, '0', '2023-02-04 17:08:02', 1),
(246, '0', '2023-02-04 17:08:06', 1),
(247, '0', '2023-02-04 17:08:10', 1),
(248, '0', '2023-02-04 17:08:14', 1),
(249, '0', '2023-02-04 17:08:18', 1),
(250, '0', '2023-02-04 17:08:22', 1),
(251, '0', '2023-02-04 17:08:26', 1),
(252, '0', '2023-02-04 17:08:30', 1),
(253, '0', '2023-02-04 17:08:34', 1),
(254, '0', '2023-02-04 17:08:37', 1),
(255, '0', '2023-02-04 17:08:41', 1),
(256, '0', '2023-02-04 17:08:45', 1),
(257, '0', '2023-02-04 17:08:49', 1),
(258, '0', '2023-02-04 17:08:53', 1),
(259, '0', '2023-02-04 17:08:56', 1),
(260, '0', '2023-02-04 17:09:00', 1),
(261, '0', '2023-02-04 17:09:04', 1),
(262, '0', '2023-02-04 17:09:08', 1),
(263, '0', '2023-02-04 17:09:15', 1),
(264, '0', '2023-02-04 17:09:19', 1),
(265, '0', '2023-02-04 17:09:22', 1),
(266, '0', '2023-02-04 17:09:26', 1),
(267, '0', '2023-02-04 17:09:30', 1),
(268, '0', '2023-02-04 17:09:34', 1),
(269, '0', '2023-02-04 17:09:38', 1),
(270, '0', '2023-02-04 17:09:42', 1),
(271, '0', '2023-02-04 17:09:45', 1),
(272, '0', '2023-02-04 17:09:49', 1),
(273, '0', '2023-02-04 17:09:53', 1),
(274, '0', '2023-02-04 17:09:57', 1),
(275, '0', '2023-02-04 17:10:01', 1),
(276, '0', '2023-02-04 17:10:04', 1),
(277, '0', '2023-02-04 17:10:08', 1),
(278, '0', '2023-02-04 17:10:12', 1),
(279, '0', '2023-02-04 17:10:16', 1),
(280, '0', '2023-02-04 17:10:20', 1),
(281, '0', '2023-02-04 17:10:24', 1),
(282, '0', '2023-02-04 17:10:28', 1),
(283, '0', '2023-02-04 17:10:32', 1),
(284, '0', '2023-02-04 17:10:36', 1),
(285, '0', '2023-02-04 17:10:39', 1),
(286, '0', '2023-02-04 17:10:43', 1),
(287, '0', '2023-02-04 17:10:47', 1),
(288, '0', '2023-02-04 17:10:51', 1),
(289, '0', '2023-02-04 17:10:55', 1),
(290, '0', '2023-02-04 17:10:59', 1),
(291, '0', '2023-02-04 17:11:03', 1),
(292, '0', '2023-02-04 17:11:09', 1),
(293, '0', '2023-02-04 17:11:10', 1),
(294, '0', '2023-02-04 17:11:15', 1),
(295, '0', '2023-02-04 17:11:19', 1),
(296, '0', '2023-02-04 17:11:22', 1),
(297, '0', '2023-02-04 17:11:26', 1),
(298, '0', '2023-02-04 17:11:30', 1),
(299, '0', '2023-02-04 17:11:34', 1),
(300, '0', '2023-02-04 17:11:38', 1),
(301, '0', '2023-02-04 17:11:42', 1),
(302, '0', '2023-02-04 17:11:46', 1),
(303, '0', '2023-02-04 17:11:50', 1),
(304, '0', '2023-02-04 17:11:53', 1),
(305, '0', '2023-02-04 17:11:57', 1),
(306, '0', '2023-02-04 17:12:01', 1),
(307, '0', '2023-02-04 17:12:05', 1),
(308, '0', '2023-02-04 17:12:09', 1),
(309, '0', '2023-02-04 17:12:13', 1),
(310, '0', '2023-02-04 17:12:17', 1),
(311, '0', '2023-02-04 17:12:21', 1),
(312, '0', '2023-02-04 17:12:25', 1),
(313, '0', '2023-02-04 17:12:29', 1),
(314, '0', '2023-02-04 17:12:33', 1),
(315, '0', '2023-02-04 17:12:36', 1),
(316, '0', '2023-02-04 17:12:40', 1),
(317, '0', '2023-02-04 17:12:44', 1),
(318, '0', '2023-02-04 17:12:48', 1),
(319, '0', '2023-02-04 17:12:52', 1),
(320, '0', '2023-02-04 17:12:55', 1),
(321, '0', '2023-02-04 17:12:59', 1),
(322, '0', '2023-02-04 17:13:03', 1),
(323, '0', '2023-02-04 17:13:10', 1),
(324, '0', '2023-02-04 17:13:11', 1),
(325, '0', '2023-02-04 17:13:15', 1),
(326, '0', '2023-02-04 17:13:19', 1),
(327, '0', '2023-02-04 17:13:23', 1),
(328, '0', '2023-02-04 17:13:27', 1),
(329, '0', '2023-02-04 17:13:30', 1),
(330, '0', '2023-02-04 17:13:34', 1),
(331, '0', '2023-02-04 17:13:38', 1),
(332, '0', '2023-02-04 17:13:42', 1),
(333, '0', '2023-02-04 17:13:46', 1),
(334, '0', '2023-02-04 17:13:49', 1),
(335, '0', '2023-02-04 17:13:53', 1),
(336, '0', '2023-02-04 17:13:57', 1),
(337, '0', '2023-02-04 17:14:01', 1),
(338, '0', '2023-02-04 17:14:05', 1),
(339, '0', '2023-02-04 17:14:09', 1),
(340, '0', '2023-02-04 17:14:12', 1),
(341, '0', '2023-02-04 17:14:16', 1),
(342, '0', '2023-02-04 17:14:21', 1),
(343, '0', '2023-02-04 17:14:24', 1),
(344, '0', '2023-02-04 17:14:29', 1),
(345, '0', '2023-02-04 17:14:32', 1),
(346, '0', '2023-02-04 17:14:36', 1),
(347, '0', '2023-02-04 17:14:40', 1),
(348, '0', '2023-02-04 17:14:44', 1),
(349, '0', '2023-02-04 17:14:48', 1),
(350, '0', '2023-02-04 17:14:52', 1),
(351, '0', '2023-02-04 17:14:55', 1),
(352, '0', '2023-02-04 17:14:59', 1),
(353, '0', '2023-02-04 17:15:03', 1),
(354, '0', '2023-02-04 17:15:07', 1),
(355, '0', '2023-02-04 17:15:11', 1),
(356, '0', '2023-02-04 17:15:15', 1),
(357, '0', '2023-02-04 17:15:19', 1),
(358, '0', '2023-02-04 17:15:23', 1),
(359, '0', '2023-02-04 17:15:27', 1),
(360, '0', '2023-02-04 17:15:31', 1),
(361, '0', '2023-02-04 17:15:35', 1),
(362, '0', '2023-02-04 17:15:38', 1),
(363, '0', '2023-02-04 17:15:42', 1),
(364, '0', '2023-02-04 17:15:46', 1),
(365, '0', '2023-02-04 17:15:50', 1),
(366, '0', '2023-02-04 17:15:54', 1),
(367, '0', '2023-02-04 17:15:58', 1),
(368, '0', '2023-02-04 17:16:01', 1),
(369, '0', '2023-02-04 17:16:05', 1),
(370, '0', '2023-02-04 17:16:09', 1),
(371, '0', '2023-02-04 17:16:13', 1),
(372, '0', '2023-02-04 17:16:17', 1),
(373, '0', '2023-02-04 17:16:21', 1),
(374, '0', '2023-02-04 17:16:25', 1),
(375, '0', '2023-02-04 17:16:29', 1),
(376, '0', '2023-02-04 17:16:33', 1),
(377, '0', '2023-02-04 17:16:37', 1),
(378, '0', '2023-02-04 17:16:41', 1),
(379, '0', '2023-02-04 17:16:44', 1),
(380, '0', '2023-02-04 17:16:48', 1),
(381, '0', '2023-02-04 17:16:52', 1),
(382, '0', '2023-02-04 17:16:56', 1),
(383, '0', '2023-02-04 17:17:00', 1),
(384, '0', '2023-02-04 17:17:04', 1),
(385, '0', '2023-02-04 17:17:08', 1),
(386, '0', '2023-02-04 17:17:11', 1),
(387, '0', '2023-02-04 17:17:15', 1),
(388, '0', '2023-02-04 17:17:19', 1),
(389, '0', '2023-02-04 17:17:23', 1),
(390, '0', '2023-02-04 17:17:27', 1),
(391, '0', '2023-02-04 17:17:31', 1),
(392, '0', '2023-02-04 17:17:35', 1),
(393, '0', '2023-02-04 17:17:39', 1),
(394, '0', '2023-02-04 17:17:43', 1),
(395, '0', '2023-02-04 17:17:47', 1),
(396, '0', '2023-02-04 17:21:29', 1),
(397, '0', '2023-02-04 17:21:33', 1),
(398, '0', '2023-02-04 17:21:36', 1),
(399, '0', '2023-02-04 17:21:40', 1),
(400, '0', '2023-02-04 17:21:44', 1),
(401, '0', '2023-02-04 17:21:48', 1),
(402, '0', '2023-02-04 17:21:52', 1),
(403, '0', '2023-02-04 17:21:56', 1),
(404, '1', '2023-02-05 06:43:03', 1),
(405, '1', '2023-02-05 06:43:06', 1),
(406, '1', '2023-02-05 06:43:10', 1),
(407, '0', '2023-02-05 06:43:15', 1),
(408, '1', '2023-02-05 06:43:19', 1),
(409, '0', '2023-02-05 06:43:23', 1),
(410, '1', '2023-02-05 06:43:27', 1),
(411, '1', '2023-02-05 06:43:31', 1),
(412, '1', '2023-02-05 06:43:35', 1),
(413, '0', '2023-02-05 06:43:39', 1),
(414, '0', '2023-02-05 06:43:43', 1),
(415, '0', '2023-02-05 06:50:28', 1),
(416, '0', '2023-02-05 06:50:44', 1),
(417, '0', '2023-02-05 06:50:59', 1),
(418, '0', '2023-02-05 06:51:11', 1),
(419, '0', '2023-02-05 06:51:35', 1),
(420, '0', '2023-02-05 06:54:01', 1),
(421, '0', '2023-02-05 06:54:32', 1),
(422, '0', '2023-02-05 06:55:05', 1),
(423, '0', '2023-02-05 06:55:30', 1),
(424, '0', '2023-02-05 06:55:46', 1),
(425, '0', '2023-02-05 06:56:07', 1),
(426, '0', '2023-02-05 06:56:24', 1),
(427, '0', '2023-02-05 06:56:48', 1),
(428, '0', '2023-02-05 06:57:04', 1),
(429, '0', '2023-02-05 06:57:49', 1),
(430, '0', '2023-02-05 06:58:35', 1),
(431, '0', '2023-02-05 06:58:50', 1),
(432, '0', '2023-02-05 07:11:01', 1),
(433, '0', '2023-02-05 07:11:11', 1),
(434, '0', '2023-02-05 07:11:26', 1),
(435, '1', '2023-02-05 10:43:15', 1),
(436, '1', '2023-02-05 10:43:25', 1),
(437, '1', '2023-02-05 10:43:35', 1),
(438, '1', '2023-02-05 10:43:50', 1),
(439, '1', '2023-02-05 10:44:05', 1),
(440, '1', '2023-02-05 10:44:15', 1),
(441, '1', '2023-02-05 10:44:24', 1),
(442, '1', '2023-02-05 10:44:33', 1),
(443, '1', '2023-02-05 10:44:48', 1),
(444, '1', '2023-02-05 10:45:07', 1),
(445, '1', '2023-02-05 10:45:25', 1),
(446, '1', '2023-02-05 10:45:35', 1),
(447, '1', '2023-02-05 10:45:50', 1),
(448, '1', '2023-02-05 10:45:59', 1),
(449, '1', '2023-02-05 10:46:15', 1),
(450, '1', '2023-02-05 10:46:24', 1),
(451, '1', '2023-02-05 10:46:33', 1),
(452, '1', '2023-02-06 15:05:39', 1),
(453, '1', '2023-02-06 15:05:43', 1),
(454, '1', '2023-02-06 15:05:47', 1),
(455, '1', '2023-02-06 15:05:51', 1),
(456, '1', '2023-02-06 15:05:55', 1),
(457, '1', '2023-02-06 15:05:59', 1),
(458, '1', '2023-02-06 15:06:03', 1),
(459, '1', '2023-02-06 15:06:06', 1),
(460, '1', '2023-02-06 15:06:10', 1),
(461, '1', '2023-02-06 15:06:14', 1),
(462, '1', '2023-02-06 15:06:18', 1),
(463, '1', '2023-02-06 15:06:22', 1),
(464, '0', '2023-02-06 15:06:25', 1),
(465, '0', '2023-02-06 15:06:29', 1),
(466, '1', '2023-02-06 15:06:33', 1),
(467, '0', '2023-02-06 15:06:37', 1),
(468, '1', '2023-02-06 15:06:41', 1),
(469, '1', '2023-02-06 15:06:45', 1),
(470, '1', '2023-02-06 15:06:48', 1),
(471, '0', '2023-02-06 15:06:52', 1),
(472, '1', '2023-02-06 15:06:56', 1),
(473, '1', '2023-02-06 15:07:00', 1),
(474, '1', '2023-02-06 15:07:04', 1),
(475, '1', '2023-02-06 15:07:08', 1),
(476, '1', '2023-02-06 15:07:11', 1),
(477, '1', '2023-02-06 15:07:15', 1),
(478, '1', '2023-02-06 15:07:19', 1),
(479, '1', '2023-02-06 15:07:23', 1),
(480, '1', '2023-02-06 15:07:27', 1),
(481, '1', '2023-02-06 15:07:31', 1),
(482, '1', '2023-02-06 15:07:35', 1),
(483, '1', '2023-02-06 15:07:38', 1),
(484, '1', '2023-02-06 15:07:42', 1),
(485, '1', '2023-02-06 15:07:46', 1),
(486, '1', '2023-02-06 15:07:50', 1),
(487, '1', '2023-02-06 15:07:53', 1),
(488, '1', '2023-02-06 15:07:57', 1),
(489, '1', '2023-02-06 15:08:01', 1),
(490, '1', '2023-02-06 15:08:05', 1),
(491, '1', '2023-02-06 15:08:09', 1),
(492, '1', '2023-02-06 15:08:13', 1),
(493, '1', '2023-02-06 15:08:16', 1),
(494, '1', '2023-02-06 15:08:20', 1),
(495, '1', '2023-02-06 15:08:24', 1),
(496, '1', '2023-02-06 15:08:28', 1),
(497, '1', '2023-02-06 15:08:32', 1),
(498, '1', '2023-02-06 15:08:36', 1),
(499, '1', '2023-02-06 15:08:39', 1),
(500, '0', '2023-02-06 15:09:11', 1),
(501, '1', '2023-02-06 15:09:15', 1),
(502, '1', '2023-02-06 15:09:19', 1),
(503, '0', '2023-02-06 15:09:22', 1),
(504, '0', '2023-02-06 15:09:26', 1),
(505, '1', '2023-02-06 15:09:30', 1),
(506, '1', '2023-02-06 15:09:34', 1),
(507, '1', '2023-02-06 15:09:38', 1),
(508, '1', '2023-02-06 15:09:42', 1),
(509, '1', '2023-02-06 15:09:46', 1),
(510, '1', '2023-02-06 15:09:49', 1),
(511, '1', '2023-02-06 15:09:53', 1),
(512, '1', '2023-02-06 15:09:58', 1),
(513, '1', '2023-02-06 15:10:04', 1),
(514, '1', '2023-02-06 15:10:08', 1),
(515, '1', '2023-02-06 15:10:12', 1),
(516, '1', '2023-02-06 15:10:15', 1),
(517, '1', '2023-02-06 15:10:19', 1),
(518, '0', '2023-02-06 15:10:23', 1),
(519, '1', '2023-02-06 15:10:27', 1),
(520, '0', '2023-02-06 15:10:31', 1),
(521, '0', '2023-02-06 15:10:35', 1),
(522, '1', '2023-02-06 15:10:39', 1),
(523, '1', '2023-02-06 15:10:43', 1),
(524, '1', '2023-02-06 15:10:47', 1),
(525, '1', '2023-02-06 15:10:51', 1),
(526, '1', '2023-02-06 15:10:54', 1),
(527, '1', '2023-02-06 15:10:58', 1),
(528, '0', '2023-02-06 15:11:02', 1),
(529, '0', '2023-02-06 15:11:06', 1),
(530, '0', '2023-02-06 15:11:09', 1),
(531, '1', '2023-02-06 15:11:13', 1),
(532, '1', '2023-02-06 15:11:17', 1),
(533, '1', '2023-02-06 15:11:21', 1),
(534, '1', '2023-02-06 15:11:25', 1),
(535, '1', '2023-02-06 15:11:29', 1),
(536, '1', '2023-02-06 15:11:32', 1),
(537, '0', '2023-02-06 15:11:36', 1),
(538, '1', '2023-02-06 15:11:40', 1),
(539, '1', '2023-02-06 15:11:44', 1),
(540, '1', '2023-02-06 15:11:48', 1),
(541, '0', '2023-02-06 15:11:52', 1),
(542, '0', '2023-02-06 15:11:56', 1),
(543, '0', '2023-02-06 15:11:59', 1),
(544, '0', '2023-02-06 15:12:04', 1),
(545, '0', '2023-02-06 15:12:08', 1),
(546, '1', '2023-02-06 15:12:12', 1),
(547, '1', '2023-02-06 15:12:16', 1),
(548, '1', '2023-02-06 15:12:20', 1),
(549, '1', '2023-02-06 15:12:24', 1),
(550, '1', '2023-02-06 15:12:28', 1),
(551, '0', '2023-02-06 15:12:31', 1),
(552, '1', '2023-02-06 15:12:35', 1),
(553, '0', '2023-02-06 15:12:39', 1),
(554, '0', '2023-02-06 15:12:44', 1),
(555, '0', '2023-02-06 15:12:48', 1),
(556, '0', '2023-02-06 15:12:52', 1),
(557, '0', '2023-02-06 15:12:56', 1),
(558, '0', '2023-02-06 15:13:00', 1),
(559, '0', '2023-02-06 15:13:03', 1),
(560, '0', '2023-02-06 15:13:07', 1),
(561, '0', '2023-02-06 15:13:11', 1),
(562, '1', '2023-02-06 15:13:15', 1),
(563, '0', '2023-02-06 15:13:19', 1),
(564, '0', '2023-02-06 15:13:23', 1),
(565, '1', '2023-02-06 15:13:26', 1),
(566, '1', '2023-02-06 15:13:30', 1),
(567, '1', '2023-02-06 15:13:34', 1),
(568, '1', '2023-02-06 15:13:38', 1),
(569, '1', '2023-02-06 15:22:34', 1),
(570, '1', '2023-02-06 15:22:39', 1),
(571, '1', '2023-02-06 15:22:43', 1),
(572, '1', '2023-02-06 15:22:47', 1),
(573, '1', '2023-02-06 15:22:51', 1),
(574, '1', '2023-02-06 15:22:55', 1),
(575, '1', '2023-02-06 15:23:29', 1),
(576, '0', '2023-02-06 15:23:33', 1),
(577, '1', '2023-02-06 15:23:38', 1),
(578, '0', '2023-02-06 15:23:42', 1),
(579, '0', '2023-02-06 15:23:46', 1),
(580, '1', '2023-02-06 15:23:50', 1),
(581, '1', '2023-02-06 15:23:54', 1),
(582, '0', '2023-02-06 15:23:58', 1),
(583, '1', '2023-02-06 15:24:02', 1),
(584, '0', '2023-02-06 15:24:06', 1),
(585, '1', '2023-02-06 15:24:10', 1),
(586, '0', '2023-02-06 15:24:15', 1),
(587, '0', '2023-02-06 15:24:19', 1),
(588, '0', '2023-02-06 15:24:23', 1),
(589, '0', '2023-02-06 15:24:27', 1),
(590, '0', '2023-02-06 15:24:31', 1),
(591, '0', '2023-02-06 15:24:36', 1),
(592, '0', '2023-02-06 15:24:40', 1),
(593, '0', '2023-02-06 15:24:44', 1),
(594, '0', '2023-02-06 15:24:48', 1),
(595, '0', '2023-02-06 15:24:52', 1),
(596, '0', '2023-02-06 15:24:56', 1),
(597, '0', '2023-02-06 15:25:00', 1),
(598, '0', '2023-02-06 15:25:05', 1),
(599, '0', '2023-02-06 15:25:09', 1),
(600, '0', '2023-02-06 15:25:13', 1),
(601, '0', '2023-02-06 15:25:17', 1),
(602, '0', '2023-02-06 15:25:21', 1),
(603, '0', '2023-02-06 15:25:26', 1),
(604, '0', '2023-02-06 15:25:30', 1),
(605, '0', '2023-02-06 15:25:34', 1),
(606, '0', '2023-02-06 15:25:38', 1),
(607, '0', '2023-02-06 15:25:43', 1),
(608, '0', '2023-02-06 15:25:47', 1),
(609, '0', '2023-02-06 15:25:51', 1),
(610, '0', '2023-02-06 15:25:55', 1),
(611, '0', '2023-02-06 15:25:59', 1),
(612, '0', '2023-02-06 15:26:03', 1),
(613, '0', '2023-02-06 15:26:08', 1),
(614, '0', '2023-02-06 15:26:12', 1),
(615, '0', '2023-02-06 15:26:16', 1),
(616, '0', '2023-02-06 15:26:20', 1),
(617, '0', '2023-02-06 15:26:24', 1),
(618, '0', '2023-02-06 15:26:28', 1),
(619, '0', '2023-02-06 15:26:33', 1),
(620, '0', '2023-02-06 15:26:37', 1),
(621, '0', '2023-02-06 15:26:41', 1),
(622, '0', '2023-02-06 15:27:46', 1),
(623, '0', '2023-02-06 15:27:50', 1),
(624, '0', '2023-02-06 15:27:55', 1),
(625, '0', '2023-02-06 15:27:59', 1),
(626, '0', '2023-02-06 15:28:03', 1),
(627, '0', '2023-02-06 15:28:07', 1),
(628, '0', '2023-02-06 15:28:11', 1),
(629, '0', '2023-02-06 15:28:15', 1),
(630, '0', '2023-02-06 15:28:19', 1),
(631, '0', '2023-02-06 15:28:23', 1),
(632, '0', '2023-02-06 15:28:27', 1),
(633, '0', '2023-02-06 15:28:32', 1),
(634, '0', '2023-02-06 15:28:36', 1),
(635, '0', '2023-02-06 15:28:40', 1),
(636, '0', '2023-02-06 15:28:44', 1),
(637, '0', '2023-02-06 15:28:48', 1),
(638, '0', '2023-02-06 15:28:52', 1),
(639, '0', '2023-02-06 15:28:56', 1),
(640, '0', '2023-02-06 15:29:00', 1),
(641, '0', '2023-02-06 15:29:04', 1),
(642, '0', '2023-02-06 15:29:08', 1),
(643, '0', '2023-02-06 15:29:13', 1),
(644, '0', '2023-02-06 15:29:17', 1),
(645, '0', '2023-02-06 15:29:21', 1),
(646, '0', '2023-02-06 15:29:25', 1),
(647, '0', '2023-02-06 15:29:29', 1),
(648, '0', '2023-02-06 15:29:33', 1),
(649, '0', '2023-02-06 15:29:39', 1),
(650, '0', '2023-02-06 15:29:43', 1),
(651, '0', '2023-02-06 15:29:47', 1),
(652, '0', '2023-02-06 15:29:52', 1),
(653, '0', '2023-02-06 15:29:56', 1),
(654, '0', '2023-02-06 15:30:00', 1),
(655, '0', '2023-02-06 15:30:04', 1),
(656, '0', '2023-02-06 15:30:08', 1),
(657, '0', '2023-02-06 15:30:12', 1),
(658, '0', '2023-02-06 15:30:16', 1),
(659, '0', '2023-02-06 15:30:21', 1),
(660, '0', '2023-02-06 15:30:25', 1),
(661, '0', '2023-02-06 15:30:29', 1),
(662, '0', '2023-02-06 15:30:33', 1),
(663, '0', '2023-02-06 15:30:37', 1),
(664, '0', '2023-02-06 15:30:41', 1),
(665, '0', '2023-02-06 15:30:46', 1),
(666, '0', '2023-02-06 15:30:50', 1),
(667, '0', '2023-02-06 15:30:54', 1),
(668, '0', '2023-02-06 15:30:59', 1),
(669, '0', '2023-02-06 15:31:02', 1),
(670, '0', '2023-02-06 15:31:07', 1),
(671, '0', '2023-02-06 15:31:11', 1),
(672, '0', '2023-02-06 15:31:15', 1),
(673, '0', '2023-02-06 15:31:19', 1),
(674, '0', '2023-02-06 15:31:23', 1),
(675, '0', '2023-02-06 15:31:27', 1),
(676, '0', '2023-02-06 15:31:31', 1),
(677, '0', '2023-02-06 15:31:35', 1),
(678, '0', '2023-02-06 15:31:39', 1),
(679, '0', '2023-02-06 15:31:44', 1),
(680, '0', '2023-02-06 15:31:48', 1),
(681, '0', '2023-02-06 15:31:52', 1),
(682, '0', '2023-02-06 15:31:57', 1),
(683, '0', '2023-02-06 15:32:01', 1),
(684, '0', '2023-02-06 15:32:05', 1),
(685, '0', '2023-02-06 15:32:10', 1),
(686, '0', '2023-02-06 15:32:14', 1),
(687, '0', '2023-02-06 15:32:18', 1),
(688, '0', '2023-02-06 15:32:21', 1),
(689, '0', '2023-02-06 15:32:26', 1),
(690, '0', '2023-02-06 15:32:30', 1),
(691, '0', '2023-02-06 15:32:34', 1),
(692, '0', '2023-02-06 15:32:38', 1),
(693, '0', '2023-02-06 15:32:42', 1),
(694, '0', '2023-02-06 15:32:47', 1),
(695, '0', '2023-02-06 15:32:51', 1),
(696, '0', '2023-02-06 15:32:55', 1),
(697, '0', '2023-02-06 15:33:00', 1),
(698, '0', '2023-02-06 15:33:04', 1),
(699, '0', '2023-02-06 15:33:08', 1),
(700, '0', '2023-02-06 15:33:12', 1),
(701, '0', '2023-02-06 15:33:16', 1),
(702, '0', '2023-02-06 15:33:20', 1),
(703, '0', '2023-02-06 15:33:24', 1),
(704, '0', '2023-02-06 15:33:28', 1),
(705, '0', '2023-02-06 15:33:32', 1),
(706, '0', '2023-02-06 15:33:36', 1),
(707, '0', '2023-02-06 15:33:40', 1),
(708, '0', '2023-02-06 15:33:45', 1),
(709, '0', '2023-02-06 15:33:49', 1),
(710, '0', '2023-02-06 15:33:53', 1),
(711, '0', '2023-02-06 15:33:57', 1),
(712, '0', '2023-02-06 15:34:02', 1),
(713, '0', '2023-02-06 15:34:06', 1),
(714, '0', '2023-02-06 15:34:10', 1),
(715, '0', '2023-02-06 15:34:14', 1),
(716, '0', '2023-02-06 15:34:18', 1),
(717, '0', '2023-02-06 15:34:23', 1),
(718, '0', '2023-02-06 15:34:27', 1),
(719, '0', '2023-02-06 15:34:31', 1),
(720, '0', '2023-02-06 15:34:35', 1),
(721, '0', '2023-02-06 15:34:41', 1),
(722, '0', '2023-02-06 15:34:45', 1),
(723, '0', '2023-02-06 15:34:49', 1),
(724, '0', '2023-02-06 15:34:53', 1),
(725, '0', '2023-02-06 15:34:58', 1),
(726, '0', '2023-02-06 15:35:02', 1),
(727, '0', '2023-02-06 15:35:06', 1),
(728, '0', '2023-02-06 15:35:11', 1),
(729, '0', '2023-02-06 15:35:15', 1),
(730, '0', '2023-02-06 15:35:19', 1),
(731, '0', '2023-02-06 15:35:23', 1),
(732, '0', '2023-02-06 15:35:28', 1),
(733, '0', '2023-02-06 15:35:32', 1),
(734, '0', '2023-02-06 15:35:36', 1),
(735, '0', '2023-02-06 15:35:40', 1),
(736, '0', '2023-02-06 15:35:45', 1),
(737, '0', '2023-02-06 15:35:49', 1),
(738, '0', '2023-02-06 15:35:53', 1),
(739, '0', '2023-02-06 15:35:58', 1),
(740, '0', '2023-02-06 15:36:03', 1),
(741, '0', '2023-02-06 15:36:07', 1),
(742, '0', '2023-02-06 15:36:11', 1),
(743, '0', '2023-02-06 15:36:51', 1),
(744, '0', '2023-02-06 15:36:55', 1),
(745, '0', '2023-02-06 15:36:59', 1),
(746, '0', '2023-02-06 15:37:03', 1),
(747, '0', '2023-02-06 15:37:07', 1),
(748, '0', '2023-02-06 15:37:11', 1),
(749, '0', '2023-02-06 15:37:15', 1),
(750, '0', '2023-02-06 15:37:19', 1),
(751, '0', '2023-02-06 15:37:24', 1),
(752, '0', '2023-02-06 15:37:28', 1),
(753, '0', '2023-02-06 15:37:32', 1),
(754, '0', '2023-02-06 15:37:36', 1),
(755, '0', '2023-02-06 15:37:41', 1),
(756, '0', '2023-02-06 15:37:44', 1),
(757, '0', '2023-02-06 15:37:48', 1),
(758, '0', '2023-02-06 15:37:52', 1),
(759, '0', '2023-02-06 15:37:57', 1),
(760, '0', '2023-02-06 15:38:01', 1),
(761, '0', '2023-02-06 15:39:06', 1),
(762, '0', '2023-02-06 15:39:10', 1),
(763, '0', '2023-02-06 15:39:14', 1),
(764, '0', '2023-02-06 15:39:18', 1),
(765, '0', '2023-02-06 15:39:22', 1),
(766, '0', '2023-02-06 15:39:26', 1),
(767, '0', '2023-02-06 15:39:31', 1),
(768, '0', '2023-02-06 15:39:35', 1),
(769, '0', '2023-02-06 15:39:39', 1),
(770, '0', '2023-02-06 15:39:43', 1),
(771, '0', '2023-02-06 15:39:48', 1),
(772, '0', '2023-02-06 15:39:52', 1),
(773, '0', '2023-02-06 15:39:56', 1),
(774, '0', '2023-02-06 15:40:00', 1),
(775, '0', '2023-02-06 15:40:04', 1),
(776, '0', '2023-02-06 15:41:10', 1),
(777, '0', '2023-02-06 15:41:14', 1),
(778, '0', '2023-02-06 15:41:18', 1),
(779, '0', '2023-02-06 15:41:22', 1),
(780, '0', '2023-02-06 15:41:26', 1),
(781, '0', '2023-02-06 15:41:30', 1),
(782, '0', '2023-02-06 15:41:35', 1),
(783, '0', '2023-02-06 15:41:39', 1),
(784, '0', '2023-02-06 15:41:43', 1),
(785, '0', '2023-02-06 15:41:47', 1),
(786, '0', '2023-02-06 15:41:51', 1),
(787, '0', '2023-02-06 15:41:56', 1),
(788, '0', '2023-02-06 15:42:00', 1),
(789, '0', '2023-02-06 15:42:04', 1),
(790, '0', '2023-02-06 15:42:08', 1),
(791, '0', '2023-02-06 15:42:12', 1),
(792, '0', '2023-02-06 15:42:16', 1),
(793, '0', '2023-02-06 15:42:21', 1),
(794, '0', '2023-02-06 15:42:25', 1),
(795, '0', '2023-02-06 15:42:29', 1),
(796, '0', '2023-02-06 15:42:33', 1),
(797, '0', '2023-02-06 15:42:37', 1),
(798, '0', '2023-02-06 15:42:42', 1),
(799, '0', '2023-02-06 15:42:46', 1),
(800, '0', '2023-02-06 15:42:50', 1),
(801, '0', '2023-02-06 15:42:54', 1),
(802, '0', '2023-02-06 15:42:59', 1),
(803, '0', '2023-02-06 15:43:03', 1),
(804, '0', '2023-02-06 15:43:07', 1),
(805, '0', '2023-02-06 15:43:11', 1),
(806, '0', '2023-02-06 15:43:15', 1),
(807, '0', '2023-02-06 15:43:19', 1),
(808, '0', '2023-02-06 15:43:23', 1),
(809, '0', '2023-02-06 15:43:27', 1),
(810, '0', '2023-02-06 15:43:31', 1),
(811, '0', '2023-02-06 15:43:36', 1),
(812, '0', '2023-02-06 15:43:40', 1),
(813, '0', '2023-02-06 15:43:45', 1),
(814, '0', '2023-02-06 15:43:50', 1),
(815, '0', '2023-02-06 15:43:54', 1),
(816, '0', '2023-02-06 15:43:58', 1),
(817, '0', '2023-02-06 15:44:03', 1),
(818, '0', '2023-02-06 15:44:07', 1),
(819, '1', '2023-02-06 15:44:11', 1),
(820, '1', '2023-02-06 15:44:15', 1),
(821, '1', '2023-02-06 15:44:20', 1),
(822, '1', '2023-02-06 15:44:24', 1),
(823, '1', '2023-02-06 15:44:28', 1),
(824, '0', '2023-02-06 15:44:59', 1),
(825, '1', '2023-02-06 15:45:03', 1),
(826, '1', '2023-02-06 15:45:07', 1),
(827, '0', '2023-02-06 15:45:11', 1),
(828, '0', '2023-02-06 15:45:15', 1),
(829, '1', '2023-02-06 15:45:18', 1),
(830, '0', '2023-02-06 15:45:22', 1),
(831, '1', '2023-02-06 15:45:26', 1),
(832, '1', '2023-02-06 15:53:42', 1),
(833, '1', '2023-02-06 15:53:46', 1),
(834, '0', '2023-02-06 15:53:52', 1),
(835, '0', '2023-02-06 15:53:56', 1),
(836, '1', '2023-02-06 15:54:00', 1),
(837, '1', '2023-02-06 15:54:04', 1),
(838, '1', '2023-02-06 15:56:41', 1),
(839, '0', '2023-02-06 15:56:45', 1),
(840, '0', '2023-02-06 15:56:49', 1),
(841, '1', '2023-02-06 15:56:53', 1),
(842, '0', '2023-02-06 15:56:57', 1),
(843, '1', '2023-02-06 15:57:02', 1),
(844, '1', '2023-02-06 15:57:05', 1),
(845, '1', '2023-02-06 15:57:10', 1),
(846, '1', '2023-02-06 15:57:13', 1),
(847, '1', '2023-02-06 15:57:17', 1),
(848, '1', '2023-02-06 15:57:22', 1),
(849, '1', '2023-02-06 15:57:26', 1),
(850, '1', '2023-02-06 15:57:30', 1),
(851, '1', '2023-02-06 15:57:34', 1),
(852, '1', '2023-02-06 15:57:38', 1),
(853, '1', '2023-02-06 15:57:43', 1),
(854, '1', '2023-02-06 15:57:47', 1),
(855, '1', '2023-02-06 15:57:51', 1),
(856, '1', '2023-02-06 15:57:55', 1),
(857, '1', '2023-02-06 15:57:59', 1),
(858, '1', '2023-02-06 15:58:03', 1),
(859, '1', '2023-02-06 15:58:07', 1),
(860, '1', '2023-02-06 15:58:11', 1),
(861, '1', '2023-02-06 15:58:15', 1),
(862, '1', '2023-02-06 15:58:19', 1),
(863, '1', '2023-02-06 15:58:23', 1),
(864, '1', '2023-02-06 15:58:28', 1),
(865, '1', '2023-02-06 15:58:32', 1),
(866, '1', '2023-02-06 15:58:36', 1),
(867, '1', '2023-02-06 15:58:40', 1),
(868, '1', '2023-02-06 15:58:45', 1),
(869, '1', '2023-02-06 15:58:49', 1),
(870, '1', '2023-02-06 15:58:53', 1),
(871, '1', '2023-02-06 15:58:57', 1),
(872, '1', '2023-02-06 15:59:01', 1),
(873, '1', '2023-02-06 15:59:06', 1),
(874, '1', '2023-02-06 15:59:10', 1),
(875, '1', '2023-02-06 15:59:14', 1),
(876, '1', '2023-02-06 15:59:19', 1),
(877, '1', '2023-02-06 15:59:23', 1),
(878, '1', '2023-02-06 15:59:27', 1),
(879, '1', '2023-02-06 15:59:31', 1),
(880, '1', '2023-02-06 15:59:35', 1),
(881, '1', '2023-02-06 15:59:39', 1),
(882, '1', '2023-02-06 15:59:43', 1),
(883, '1', '2023-02-06 15:59:48', 1),
(884, '1', '2023-02-06 15:59:52', 1),
(885, '1', '2023-02-06 15:59:56', 1),
(886, '1', '2023-02-06 16:00:01', 1),
(887, '1', '2023-02-06 16:00:07', 1),
(888, '1', '2023-02-06 16:00:10', 1),
(889, '1', '2023-02-06 16:00:14', 1),
(890, '1', '2023-02-06 16:00:18', 1),
(891, '1', '2023-02-08 06:36:11', 1),
(892, '1', '2023-02-08 06:36:15', 1),
(893, '1', '2023-02-08 06:36:19', 1),
(894, '1', '2023-02-08 06:36:23', 1),
(895, '0', '2023-02-10 12:27:27', 1),
(896, '0', '2023-02-10 12:27:31', 1),
(897, '0', '2023-02-10 12:27:35', 1),
(898, '0', '2023-02-10 12:27:39', 1),
(899, '0', '2023-02-10 12:27:43', 1),
(900, '0', '2023-02-10 12:27:47', 1),
(901, '0', '2023-02-10 12:27:51', 1),
(902, '0', '2023-02-10 12:27:55', 1),
(903, '0', '2023-02-10 12:27:59', 1),
(904, '0', '2023-02-10 12:28:04', 1),
(905, '0', '2023-02-10 12:28:08', 1),
(906, '0', '2023-02-10 12:28:11', 1),
(907, '0', '2023-02-10 12:28:15', 1),
(908, '0', '2023-02-10 12:28:19', 1),
(909, '0', '2023-02-10 12:28:24', 1),
(910, '0', '2023-02-10 12:28:28', 1),
(911, '0', '2023-02-10 12:28:32', 1),
(912, '0', '2023-02-10 12:28:36', 1),
(913, '0', '2023-02-10 12:28:40', 1),
(914, '0', '2023-02-10 12:28:44', 1),
(915, '0', '2023-02-10 12:28:48', 1),
(916, '0', '2023-02-10 12:28:53', 1),
(917, '0', '2023-02-10 12:28:56', 1),
(918, '0', '2023-02-10 12:29:00', 1),
(919, '0', '2023-02-10 12:29:04', 1),
(920, '0', '2023-02-10 12:29:08', 1),
(921, '0', '2023-02-10 12:29:12', 1),
(922, '0', '2023-02-10 12:29:16', 1),
(923, '0', '2023-02-10 12:29:20', 1),
(924, '0', '2023-02-10 12:29:24', 1),
(925, '0', '2023-02-10 12:29:29', 1),
(926, '0', '2023-02-10 12:29:34', 1),
(927, '0', '2023-02-10 12:29:37', 1),
(928, '0', '2023-02-10 12:29:42', 1),
(929, '0', '2023-02-10 12:29:45', 1),
(930, '0', '2023-02-10 12:29:49', 1),
(931, '0', '2023-02-10 12:29:53', 1),
(932, '0', '2023-02-10 12:29:58', 1),
(933, '0', '2023-02-10 12:30:02', 1),
(934, '0', '2023-02-10 12:30:06', 1),
(935, '0', '2023-02-10 12:30:10', 1),
(936, '0', '2023-02-10 12:30:14', 1),
(937, '0', '2023-02-10 12:30:18', 1),
(938, '0', '2023-02-10 12:30:22', 1),
(939, '0', '2023-02-10 12:30:26', 1),
(940, '0', '2023-02-10 12:30:31', 1),
(941, '0', '2023-02-10 12:30:35', 1),
(942, '0', '2023-02-10 12:30:39', 1),
(943, '0', '2023-02-10 12:30:43', 1),
(944, '0', '2023-02-10 12:30:47', 1),
(945, '0', '2023-02-10 12:30:51', 1),
(946, '0', '2023-02-10 12:30:55', 1),
(947, '0', '2023-02-10 12:30:59', 1),
(948, '0', '2023-02-10 12:31:03', 1),
(949, '0', '2023-02-10 12:31:07', 1),
(950, '0', '2023-02-10 12:31:11', 1),
(951, '0', '2023-02-10 12:31:15', 1),
(952, '0', '2023-02-10 12:31:20', 1),
(953, '1', '2023-02-10 12:40:21', 1),
(954, '1', '2023-02-10 12:40:25', 1),
(955, '1', '2023-02-10 12:40:29', 1),
(956, '1', '2023-02-10 12:40:33', 1),
(957, '1', '2023-02-10 12:40:37', 1),
(958, '0', '2023-02-10 12:40:41', 1),
(959, '0', '2023-02-10 12:40:46', 1),
(960, '0', '2023-02-10 12:40:50', 1),
(961, '0', '2023-02-10 12:40:54', 1),
(962, '0', '2023-02-10 12:40:58', 1),
(963, '0', '2023-02-10 12:41:02', 1),
(964, '0', '2023-02-10 12:41:06', 1),
(965, '0', '2023-02-10 12:41:11', 1),
(966, '0', '2023-02-10 12:41:15', 1),
(967, '0', '2023-02-10 12:41:19', 1),
(968, '0', '2023-02-10 12:41:24', 1),
(969, '0', '2023-02-10 12:41:27', 1),
(970, '0', '2023-02-10 12:41:32', 1),
(971, '0', '2023-02-10 12:41:36', 1),
(972, '0', '2023-02-10 12:41:40', 1),
(973, '0', '2023-02-10 12:41:44', 1),
(974, '0', '2023-02-10 12:41:48', 1),
(975, '0', '2023-02-10 12:44:33', 1),
(976, '0', '2023-02-10 12:44:37', 1),
(977, '0', '2023-02-10 12:44:41', 1),
(978, '0', '2023-02-10 12:44:46', 1),
(979, '0', '2023-02-10 12:44:50', 1),
(980, '0', '2023-02-10 12:44:54', 1),
(981, '0', '2023-02-10 12:44:59', 1),
(982, '0', '2023-02-10 12:45:03', 1),
(983, '0', '2023-02-10 12:45:07', 1),
(984, '0', '2023-02-10 12:45:11', 1),
(985, '0', '2023-02-10 12:45:15', 1),
(986, '0', '2023-02-10 12:45:19', 1),
(987, '0', '2023-02-10 12:45:24', 1),
(988, '0', '2023-02-10 12:45:28', 1),
(989, '0', '2023-02-10 12:45:32', 1),
(990, '0', '2023-02-10 12:45:37', 1),
(991, '0', '2023-02-10 12:45:41', 1),
(992, '0', '2023-02-10 12:45:45', 1),
(993, '0', '2023-02-10 12:45:49', 1),
(994, '0', '2023-02-10 12:45:53', 1),
(995, '0', '2023-02-10 12:45:57', 1),
(996, '0', '2023-02-10 12:46:01', 1),
(997, '0', '2023-02-10 12:46:05', 1),
(998, '0', '2023-02-10 12:46:09', 1),
(999, '0', '2023-02-10 12:46:14', 1),
(1000, '0', '2023-02-10 12:46:19', 1),
(1001, '1', '2023-02-10 12:46:48', 1),
(1002, '1', '2023-02-10 12:46:52', 1),
(1003, '1', '2023-02-10 12:46:56', 1),
(1004, '1', '2023-02-10 12:47:00', 1),
(1005, '1', '2023-02-10 12:47:04', 1),
(1006, '1', '2023-02-10 12:47:09', 1),
(1007, '1', '2023-02-10 12:47:13', 1),
(1008, '1', '2023-02-10 12:47:17', 1),
(1009, '1', '2023-02-10 12:47:21', 1),
(1010, '1', '2023-02-10 12:47:25', 1),
(1011, '1', '2023-02-10 12:47:29', 1),
(1012, '1', '2023-02-10 12:47:33', 1),
(1013, '1', '2023-02-10 12:47:37', 1),
(1014, '1', '2023-02-10 12:47:42', 1),
(1015, '1', '2023-02-10 12:47:46', 1),
(1016, '1', '2023-02-10 12:47:50', 1),
(1017, '1', '2023-02-10 12:47:54', 1),
(1018, '1', '2023-02-10 12:47:58', 1),
(1019, '1', '2023-02-10 12:48:02', 1),
(1020, '1', '2023-02-10 12:48:06', 1),
(1021, '1', '2023-02-10 12:48:11', 1),
(1022, '0', '2023-02-10 19:26:00', 1),
(1023, '0', '2023-02-10 19:26:04', 1),
(1024, '0', '2023-02-10 19:26:08', 1),
(1025, '0', '2023-02-10 19:26:12', 1),
(1026, '0', '2023-02-10 19:26:16', 1),
(1027, '0', '2023-02-10 19:26:20', 1),
(1028, '0', '2023-02-10 19:26:24', 1),
(1029, '0', '2023-02-10 19:26:54', 1),
(1030, '0', '2023-02-10 19:26:58', 1),
(1031, '0', '2023-02-10 19:27:02', 1),
(1032, '0', '2023-02-10 19:27:06', 1),
(1033, '0', '2023-02-10 19:27:10', 1),
(1034, '0', '2023-02-10 19:27:15', 1),
(1035, '0', '2023-02-10 19:27:19', 1),
(1036, '1', '2023-02-10 19:27:23', 1),
(1037, '0', '2023-02-10 19:27:27', 1),
(1038, '0', '2023-02-10 19:27:31', 1),
(1039, '1', '2023-02-10 19:27:35', 1),
(1040, '0', '2023-02-10 19:27:40', 1),
(1041, '0', '2023-02-10 19:27:44', 1),
(1042, '0', '2023-02-10 19:27:48', 1),
(1043, '0', '2023-02-10 19:27:52', 1),
(1044, '0', '2023-02-10 19:27:56', 1),
(1045, '0', '2023-02-10 19:28:00', 1),
(1046, '0', '2023-02-10 19:28:05', 1),
(1047, '0', '2023-02-10 19:28:09', 1),
(1048, '0', '2023-02-10 19:28:13', 1),
(1049, '0', '2023-02-10 19:28:17', 1),
(1050, '0', '2023-02-10 19:28:22', 1),
(1051, '0', '2023-02-10 19:28:26', 1),
(1052, '0', '2023-02-10 19:28:30', 1),
(1053, '0', '2023-02-10 19:28:34', 1),
(1054, '0', '2023-02-10 19:29:04', 1),
(1055, '0', '2023-02-10 19:29:08', 1),
(1056, '1', '2023-02-10 19:29:12', 1),
(1057, '0', '2023-02-10 19:29:16', 1),
(1058, '0', '2023-02-10 19:29:21', 1),
(1059, '0', '2023-02-10 19:29:25', 1),
(1060, '0', '2023-02-10 19:29:29', 1),
(1061, '0', '2023-02-10 19:30:45', 1),
(1062, '0', '2023-02-10 19:30:49', 1),
(1063, '0', '2023-02-10 19:30:53', 1),
(1064, '0', '2023-02-10 19:30:57', 1),
(1065, '0', '2023-02-10 19:31:33', 1),
(1066, '0', '2023-02-10 19:31:37', 1),
(1067, '0', '2023-02-10 19:31:41', 1),
(1068, '1', '2023-02-10 19:31:46', 1),
(1069, '1', '2023-02-10 19:31:50', 1),
(1070, '0', '2023-02-10 19:31:54', 1),
(1071, '1', '2023-02-10 19:31:58', 1),
(1072, '1', '2023-02-10 19:32:03', 1),
(1073, '0', '2023-02-10 19:32:07', 1),
(1074, '0', '2023-02-10 19:32:11', 1),
(1075, '0', '2023-02-10 19:32:15', 1),
(1076, '0', '2023-02-10 19:32:19', 1),
(1077, '0', '2023-02-10 19:32:23', 1),
(1078, '0', '2023-02-10 19:32:28', 1),
(1079, '0', '2023-02-10 19:32:32', 1),
(1080, '0', '2023-02-10 19:32:36', 1),
(1081, '1', '2023-02-10 19:32:40', 1),
(1082, '1', '2023-02-10 19:32:44', 1),
(1083, '1', '2023-02-10 19:32:49', 1),
(1084, '1', '2023-02-10 19:32:53', 1),
(1085, '1', '2023-02-10 19:32:57', 1),
(1086, '0', '2023-02-10 19:33:01', 1),
(1087, '0', '2023-02-10 19:33:05', 1),
(1088, '0', '2023-02-10 19:33:09', 1),
(1089, '0', '2023-02-10 19:33:13', 1),
(1090, '0', '2023-02-10 19:33:17', 1),
(1091, '0', '2023-02-10 19:33:21', 1),
(1092, '0', '2023-02-10 19:33:25', 1),
(1093, '0', '2023-02-10 19:33:29', 1),
(1094, '0', '2023-02-10 19:33:33', 1),
(1095, '0', '2023-02-10 19:33:37', 1),
(1096, '0', '2023-02-10 19:33:41', 1),
(1097, '0', '2023-02-10 19:33:45', 1),
(1098, '0', '2023-02-10 19:33:50', 1),
(1099, '0', '2023-02-10 19:33:54', 1),
(1100, '0', '2023-02-10 19:33:59', 1),
(1101, '0', '2023-02-10 19:34:02', 1),
(1102, '0', '2023-02-10 19:34:06', 1),
(1103, '0', '2023-02-10 19:34:10', 1),
(1104, '0', '2023-02-10 19:34:14', 1),
(1105, '0', '2023-02-10 19:34:19', 1),
(1106, '0', '2023-02-10 19:34:23', 1),
(1107, '0', '2023-02-10 19:34:27', 1),
(1108, '0', '2023-02-10 19:34:31', 1),
(1109, '0', '2023-02-10 19:34:35', 1),
(1110, '0', '2023-02-10 19:34:39', 1),
(1111, '0', '2023-02-10 19:34:43', 1),
(1112, '0', '2023-02-10 19:34:48', 1),
(1113, '0', '2023-02-10 19:34:52', 1),
(1114, '0', '2023-02-10 19:34:56', 1),
(1115, '0', '2023-02-10 19:35:00', 1),
(1116, '0', '2023-02-10 19:35:05', 1),
(1117, '0', '2023-02-10 19:35:09', 1),
(1118, '0', '2023-02-10 19:35:13', 1),
(1119, '0', '2023-02-10 19:35:17', 1),
(1120, '0', '2023-02-10 19:35:21', 1),
(1121, '0', '2023-02-10 19:35:26', 1),
(1122, '0', '2023-02-10 19:35:30', 1),
(1123, '0', '2023-02-10 19:35:34', 1),
(1124, '0', '2023-02-10 19:35:38', 1),
(1125, '0', '2023-02-10 19:35:43', 1),
(1126, '0', '2023-02-10 19:35:47', 1),
(1127, '0', '2023-02-10 19:35:51', 1),
(1128, '0', '2023-02-10 19:36:56', 1),
(1129, '0', '2023-02-10 19:37:01', 1),
(1130, '0', '2023-02-10 19:37:05', 1),
(1131, '0', '2023-02-10 19:37:09', 1),
(1132, '0', '2023-02-10 19:37:13', 1),
(1133, '0', '2023-02-10 19:37:17', 1),
(1134, '0', '2023-02-10 19:37:21', 1),
(1135, '0', '2023-02-10 19:37:25', 1),
(1136, '0', '2023-02-10 19:37:29', 1),
(1137, '0', '2023-02-10 19:37:33', 1),
(1138, '0', '2023-02-10 19:37:37', 1),
(1139, '0', '2023-02-10 19:37:41', 1),
(1140, '0', '2023-02-10 19:37:46', 1),
(1141, '0', '2023-02-10 19:37:50', 1),
(1142, '0', '2023-02-10 19:37:54', 1),
(1143, '0', '2023-02-10 19:37:58', 1),
(1144, '0', '2023-02-10 19:38:02', 1),
(1145, '0', '2023-02-10 19:38:06', 1),
(1146, '0', '2023-02-10 19:38:10', 1),
(1147, '0', '2023-02-10 19:38:14', 1),
(1148, '0', '2023-02-10 19:38:19', 1),
(1149, '1', '2023-02-11 06:43:11', 1),
(1150, '1', '2023-02-11 06:43:15', 1),
(1151, '1', '2023-02-11 06:43:20', 1),
(1152, '1', '2023-02-11 06:43:24', 1),
(1153, '1', '2023-02-11 06:43:28', 1),
(1154, '1', '2023-02-11 06:43:33', 1),
(1155, '1', '2023-02-11 06:43:37', 1),
(1156, '1', '2023-02-11 06:43:41', 1),
(1157, '1', '2023-02-11 06:43:45', 1),
(1158, '1', '2023-02-11 06:43:50', 1),
(1159, '1', '2023-02-11 06:43:54', 1),
(1160, '1', '2023-02-11 06:43:59', 1),
(1161, '1', '2023-02-11 06:44:03', 1),
(1162, '1', '2023-02-11 06:44:07', 1),
(1163, '1', '2023-02-11 06:44:12', 1),
(1164, '1', '2023-02-11 06:44:16', 1),
(1165, '1', '2023-02-11 06:44:21', 1),
(1166, '1', '2023-02-11 06:44:25', 1),
(1167, '1', '2023-02-11 06:44:30', 1),
(1168, '1', '2023-02-11 06:44:35', 1),
(1169, '1', '2023-02-11 06:44:39', 1),
(1170, '1', '2023-02-11 06:44:43', 1),
(1171, '1', '2023-02-11 06:44:48', 1),
(1172, '1', '2023-02-11 06:44:53', 1),
(1173, '1', '2023-02-11 06:44:57', 1),
(1174, '1', '2023-02-11 06:45:04', 1),
(1175, '1', '2023-02-11 06:45:08', 1),
(1176, '1', '2023-02-11 06:45:13', 1),
(1177, '1', '2023-02-11 06:45:17', 1),
(1178, '1', '2023-02-11 06:45:21', 1),
(1179, '1', '2023-02-11 06:45:25', 1),
(1180, '1', '2023-02-11 06:45:30', 1),
(1181, '1', '2023-02-11 06:45:34', 1),
(1182, '1', '2023-02-11 06:45:39', 1),
(1183, '1', '2023-02-11 06:45:43', 1),
(1184, '1', '2023-02-11 06:45:48', 1),
(1185, '1', '2023-02-11 06:45:52', 1),
(1186, '1', '2023-02-11 06:45:56', 1),
(1187, '1', '2023-02-11 06:46:00', 1),
(1188, '1', '2023-02-11 06:46:04', 1),
(1189, '1', '2023-02-11 06:46:08', 1),
(1190, '1', '2023-02-11 06:46:13', 1),
(1191, '1', '2023-02-11 06:46:17', 1),
(1192, '1', '2023-02-11 06:46:21', 1),
(1193, '1', '2023-02-11 06:46:25', 1),
(1194, '1', '2023-02-11 06:46:29', 1),
(1195, '1', '2023-02-11 06:46:33', 1),
(1196, '1', '2023-02-11 06:46:38', 1),
(1197, '1', '2023-02-11 06:46:42', 1),
(1198, '1', '2023-02-11 06:46:46', 1),
(1199, '1', '2023-02-11 06:46:51', 1),
(1200, '1', '2023-02-11 06:46:55', 1),
(1201, '1', '2023-02-11 06:46:59', 1),
(1202, '1', '2023-02-11 06:47:04', 1),
(1203, '1', '2023-02-11 06:47:08', 1),
(1204, '1', '2023-02-11 06:47:12', 1),
(1205, '1', '2023-02-11 06:47:16', 1),
(1206, '1', '2023-02-11 06:47:20', 1),
(1207, '1', '2023-02-11 06:47:24', 1),
(1208, '1', '2023-02-11 06:47:29', 1),
(1209, '1', '2023-02-11 06:47:33', 1),
(1210, '1', '2023-02-11 06:47:37', 1);

-- --------------------------------------------------------

--
-- Table structure for table `ldr_table`
--

CREATE TABLE `ldr_table` (
  `LDR_id` int(25) NOT NULL,
  `LDR_value` varchar(25) NOT NULL,
  `Reading_time` timestamp NOT NULL DEFAULT current_timestamp() ON UPDATE current_timestamp(),
  `Device_id` int(25) NOT NULL
) ENGINE=InnoDB DEFAULT CHARSET=utf8mb4;

--
-- Dumping data for table `ldr_table`
--

INSERT INTO `ldr_table` (`LDR_id`, `LDR_value`, `Reading_time`, `Device_id`) VALUES
(1, '300', '2022-12-14 10:41:18', 2),
(2, '350', '2022-12-14 10:41:26', 2),
(3, '4500', '2022-12-14 10:41:33', 2),
(4, '4557', '2022-12-25 06:27:57', 7),
(5, '455', '2022-12-25 06:28:07', 4),
(8, '455', '2022-12-25 06:28:24', 11),
(9, '4767', '2022-12-25 06:28:36', 6);

-- --------------------------------------------------------

--
-- Table structure for table `led`
--

CREATE TABLE `led` (
  `id` int(25) NOT NULL,
  `status` varchar(25) COLLATE utf8_unicode_ci NOT NULL
) ENGINE=InnoDB DEFAULT CHARSET=utf8 COLLATE=utf8_unicode_ci;

--
-- Dumping data for table `led`
--

INSERT INTO `led` (`id`, `status`) VALUES
(1, 'ON');

-- --------------------------------------------------------

--
-- Table structure for table `login_table`
--

CREATE TABLE `login_table` (
  `Login_id` int(25) NOT NULL,
  `Name` varchar(100) NOT NULL,
  `Contact_no` bigint(10) NOT NULL,
  `Email_id` varchar(50) NOT NULL,
  `Password` varchar(10) NOT NULL,
  `Role` varchar(6) NOT NULL,
  `Status` int(1) NOT NULL COMMENT 'Status:\r\n0 - Inactive\r\n1 - Active'
) ENGINE=InnoDB DEFAULT CHARSET=utf8mb4;

--
-- Dumping data for table `login_table`
--

INSERT INTO `login_table` (`Login_id`, `Name`, `Contact_no`, `Email_id`, `Password`, `Role`, `Status`) VALUES
(1, 'Kamakshi', 7862854475, 'davekamakshi3@gmail.com', 'kamakshi15', 'Admin', 1),
(2, 'kamakshi', 8320400801, 'kangan15@gmail.com', '', 'User', 0),
(3, 'kamakshi', 8320400801, 'kangan15@gmail.com', 'abc', 'Admin', 0),
(4, 'kamakshi', 8320400801, 'kangan15@gmail.com', 'abc', 'Admin', 1),
(5, 'Yalina', 9879563160, 'angleyalina2212gmail.com', 'yalina123', 'Admin', 1),
(6, 'Yalina', 9879377160, 'yalina@gmail.com', 'Yalina', 'User', 0),
(7, 'Khushi', 9313685817, 'khushikanani1734@gmail.com', 'khushi_k17', 'User', 0),
(8, 'Khushi', 9313685817, 'khushikanani1734@gmail.com', 'khushi_k17', 'Admin', 1),
(9, 'Aditi', 9476745627, 'Aditi_darji@gmail.com', 'aditiii123', 'Admin', 1),
(10, 'Aditi', 9476745627, 'Aditi_darji@gmail.com', 'aditiii123', 'User', 1),
(11, 'Aditi', 9476745627, 'Aditi_darji@gmail.com', 'aditiii123', 'User', 0),
(12, 'Maithili', 9746377657, 'Maithili_Mehta@gmail.com', 'mituu123', 'User', 0),
(13, 'Maithili', 9746377657, 'Maithili_Mehta@gmail.com', 'mituu123', 'User', 1),
(14, 'Maithili', 9746377657, 'Maithili_Mehta@gmail.com', 'mituu123', 'Admin', 1),
(18, 'Kamakshi', 7862854475, 'davekamakshi3@gmail.com', 'dkamakshi3', 'Admin', 1);

-- --------------------------------------------------------

--
-- Table structure for table `pir_table`
--

CREATE TABLE `pir_table` (
  `PIR_id` int(25) NOT NULL,
  `PIR_value` varchar(25) NOT NULL,
  `Reading_time` timestamp NOT NULL DEFAULT current_timestamp() ON UPDATE current_timestamp(),
  `Device_id` int(25) NOT NULL
) ENGINE=InnoDB DEFAULT CHARSET=utf8mb4;

--
-- Dumping data for table `pir_table`
--

INSERT INTO `pir_table` (`PIR_id`, `PIR_value`, `Reading_time`, `Device_id`) VALUES
(1, '', '2022-12-14 11:58:29', 1),
(2, '250', '2022-12-14 12:06:44', 2),
(8, '250', '2022-12-14 12:05:34', 3),
(10, '450', '2022-12-14 12:05:47', 4),
(16, '554', '2022-12-14 12:30:20', 1),
(17, '554', '2022-12-14 12:30:25', 3),
(18, '250', '2022-12-14 13:32:03', 1),
(19, '499', '2022-12-14 13:32:15', 3),
(20, '250', '2022-12-25 06:30:39', 8),
(21, '2436', '2022-12-25 06:30:49', 4),
(22, '2432', '2022-12-25 06:31:01', 7),
(23, '28', '2023-02-04 12:01:22', 1),
(24, '0', '2023-02-04 18:16:46', 1),
(25, '0', '2023-02-04 18:16:55', 1),
(26, '0', '2023-02-04 18:17:03', 1),
(27, '0', '2023-02-04 18:17:07', 1),
(28, '0', '2023-02-04 18:17:19', 1),
(29, '0', '2023-02-04 18:17:23', 1),
(30, '0', '2023-02-04 18:17:40', 1),
(31, '0', '2023-02-04 18:17:47', 1),
(32, '0', '2023-02-04 18:17:54', 1),
(33, '0', '2023-02-04 18:17:59', 1),
(34, '0', '2023-02-04 18:18:02', 1),
(35, '0', '2023-02-04 18:18:08', 1),
(36, '0', '2023-02-04 18:18:20', 1),
(37, '0', '2023-02-04 18:18:42', 1),
(38, '0', '2023-02-04 18:18:57', 1),
(39, '0', '2023-02-04 18:19:01', 1),
(40, '0', '2023-02-04 18:19:21', 1),
(41, '0', '2023-02-04 18:19:28', 1),
(42, '0', '2023-02-04 18:19:30', 1),
(43, '0', '2023-02-04 18:19:35', 1),
(44, '0', '2023-02-04 18:19:40', 1),
(45, '0', '2023-02-04 18:23:05', 1),
(46, '0', '2023-02-04 18:23:09', 1),
(47, '0', '2023-02-04 18:23:14', 1),
(48, '0', '2023-02-04 18:23:24', 1),
(49, '0', '2023-02-04 18:23:29', 1),
(50, '0', '2023-02-04 18:23:34', 1),
(51, '0', '2023-02-04 18:23:39', 1),
(52, '0', '2023-02-04 18:23:44', 1),
(53, '0', '2023-02-04 18:23:49', 1),
(54, '0', '2023-02-04 18:23:54', 1),
(55, '0', '2023-02-04 18:24:03', 1),
(56, '0', '2023-02-04 18:24:08', 1),
(57, '0', '2023-02-04 18:25:11', 1),
(58, '0', '2023-02-04 18:25:16', 1),
(59, '0', '2023-02-04 18:25:24', 1),
(60, '0', '2023-02-04 18:25:45', 1),
(61, '0', '2023-02-04 18:25:50', 1),
(62, '0', '2023-02-04 18:25:57', 1),
(63, '0', '2023-02-04 18:26:05', 1),
(64, '0', '2023-02-04 18:26:20', 1),
(65, '0', '2023-02-04 18:26:25', 1),
(66, '0', '2023-02-04 18:26:29', 1),
(67, '0', '2023-02-04 18:26:37', 1),
(68, '0', '2023-02-04 18:26:53', 1),
(69, '0', '2023-02-04 18:26:54', 1),
(70, '0', '2023-02-04 18:27:02', 1),
(71, '0', '2023-02-04 18:27:12', 1),
(72, '0', '2023-02-04 18:27:21', 1),
(73, '0', '2023-02-04 18:27:24', 1),
(74, '0', '2023-02-04 18:27:33', 1),
(75, '0', '2023-02-04 18:27:42', 1),
(76, '0', '2023-02-04 18:27:51', 1),
(77, '0', '2023-02-04 18:28:00', 1),
(78, '0', '2023-02-04 18:28:09', 1),
(79, '0', '2023-02-04 18:28:18', 1),
(80, '0', '2023-02-04 18:28:22', 1),
(81, '0', '2023-02-04 18:28:31', 1),
(82, '0', '2023-02-04 18:28:40', 1),
(83, '0', '2023-02-04 18:28:48', 1),
(84, '0', '2023-02-04 18:28:57', 1),
(85, '0', '2023-02-04 18:29:01', 1),
(86, '0', '2023-02-04 18:29:10', 1),
(87, '0', '2023-02-04 18:29:19', 1),
(88, '0', '2023-02-04 18:29:28', 1),
(89, '0', '2023-02-04 18:29:37', 1),
(90, '0', '2023-02-04 18:29:41', 1),
(91, '0', '2023-02-04 18:29:50', 1),
(92, '0', '2023-02-04 18:29:59', 1),
(93, '0', '2023-02-04 18:30:08', 1),
(94, '0', '2023-02-04 18:30:16', 1),
(95, '0', '2023-02-04 18:30:26', 1),
(96, '0', '2023-02-04 18:30:29', 1),
(97, '0', '2023-02-04 18:30:38', 1),
(98, '0', '2023-02-04 18:30:47', 1),
(99, '0', '2023-02-04 18:30:51', 1),
(100, '0', '2023-02-04 18:31:01', 1),
(101, '0', '2023-02-04 18:31:10', 1),
(102, '0', '2023-02-04 18:31:19', 1),
(103, '0', '2023-02-04 18:31:28', 1),
(104, '0', '2023-02-04 18:31:37', 1),
(105, '0', '2023-02-04 18:31:46', 1),
(106, '0', '2023-02-04 18:31:50', 1),
(107, '0', '2023-02-04 18:31:53', 1),
(108, '0', '2023-02-04 18:32:02', 1),
(109, '0', '2023-02-04 18:32:11', 1),
(110, '0', '2023-02-04 18:32:20', 1),
(111, '0', '2023-02-04 18:32:29', 1),
(112, '0', '2023-02-04 18:32:33', 1),
(113, '0', '2023-02-04 18:32:42', 1),
(114, '0', '2023-02-04 18:32:51', 1),
(115, '0', '2023-02-04 18:32:59', 1),
(116, '0', '2023-02-04 18:33:08', 1),
(117, '0', '2023-02-04 18:33:17', 1),
(118, '0', '2023-02-04 18:33:26', 1),
(119, '0', '2023-02-04 18:33:35', 1),
(120, '0', '2023-02-04 18:33:44', 1),
(121, '0', '2023-02-04 18:33:48', 1),
(122, '0', '2023-02-04 18:33:56', 1),
(123, '0', '2023-02-04 18:34:05', 1),
(124, '0', '2023-02-04 18:34:14', 1),
(125, '0', '2023-02-04 18:34:23', 1),
(126, '0', '2023-02-04 18:35:20', 1),
(127, '0', '2023-02-04 18:35:54', 1),
(128, '0', '2023-02-04 18:36:28', 1),
(129, '0', '2023-02-04 18:36:56', 1),
(130, '0', '2023-02-04 18:37:30', 1),
(131, '0', '2023-02-04 18:38:03', 1),
(132, '0', '2023-02-04 18:38:38', 1),
(133, '0', '2023-02-04 18:39:11', 1),
(134, '0', '2023-02-04 18:39:45', 1),
(135, '0', '2023-02-04 18:40:09', 1),
(136, '0', '2023-02-04 18:40:43', 1),
(137, '0', '2023-02-04 18:41:12', 1),
(138, '0', '2023-02-04 18:41:42', 1),
(139, '0', '2023-02-04 18:42:15', 1),
(140, '0', '2023-02-04 18:42:43', 1),
(141, '0', '2023-02-04 18:43:45', 1),
(142, '0', '2023-02-04 18:44:19', 1),
(143, '0', '2023-02-04 18:44:47', 1),
(144, '0', '2023-02-04 18:45:21', 1),
(145, '0', '2023-02-04 18:45:49', 1),
(146, '0', '2023-02-04 18:46:22', 1),
(147, '0', '2023-02-04 18:46:45', 1),
(148, '0', '2023-02-04 18:46:54', 1),
(149, '0', '2023-02-04 18:47:22', 1),
(150, '0', '2023-02-04 18:47:39', 1),
(151, '0', '2023-02-04 18:48:07', 1),
(152, '0', '2023-02-05 04:41:20', 1),
(153, '0', '2023-02-05 06:00:18', 1),
(154, '0', '2023-02-05 06:00:34', 1),
(155, '0', '2023-02-05 06:00:53', 1),
(156, '0', '2023-02-05 06:01:03', 1),
(157, '0', '2023-02-05 06:01:18', 1),
(158, '0', '2023-02-05 06:01:28', 1),
(159, '0', '2023-02-05 06:01:40', 1),
(160, '0', '2023-02-05 06:01:49', 1),
(161, '0', '2023-02-05 06:02:19', 1),
(162, '0', '2023-02-05 06:02:30', 1),
(163, '0', '2023-02-05 06:02:41', 1),
(164, '0', '2023-02-05 06:02:58', 1),
(165, '0', '2023-02-05 06:03:11', 1),
(166, '0', '2023-02-05 06:03:32', 1),
(167, '0', '2023-02-05 06:03:40', 1),
(168, '0', '2023-02-05 06:03:50', 1),
(169, '0', '2023-02-05 06:04:02', 1),
(170, '0', '2023-02-05 06:04:14', 1),
(171, '0', '2023-02-05 06:04:26', 1),
(172, '0', '2023-02-05 06:04:37', 1),
(173, '0', '2023-02-05 06:04:48', 1),
(174, '0', '2023-02-05 06:04:57', 1),
(175, '0', '2023-02-05 06:07:31', 1),
(176, '0', '2023-02-05 06:07:35', 1),
(177, '0', '2023-02-05 06:07:44', 1),
(178, '0', '2023-02-05 06:07:48', 1),
(179, '0', '2023-02-05 06:07:53', 1),
(180, '0', '2023-02-05 06:07:57', 1),
(181, '0', '2023-02-05 06:08:01', 1),
(182, '0', '2023-02-05 06:08:05', 1),
(183, '0', '2023-02-05 06:08:14', 1),
(184, '0', '2023-02-05 06:08:18', 1),
(185, '0', '2023-02-05 06:08:22', 1),
(186, '0', '2023-02-05 06:08:26', 1),
(187, '0', '2023-02-05 06:08:30', 1),
(188, '0', '2023-02-05 06:08:39', 1),
(189, '0', '2023-02-05 06:08:49', 1),
(190, '0', '2023-02-05 06:08:53', 1),
(191, '0', '2023-02-05 06:08:57', 1),
(192, '0', '2023-02-05 06:09:01', 1),
(193, '0', '2023-02-05 06:09:05', 1),
(194, '0', '2023-02-05 06:09:09', 1),
(195, '0', '2023-02-05 06:09:13', 1),
(196, '0', '2023-02-05 06:09:17', 1),
(197, '0', '2023-02-05 06:09:22', 1),
(198, '0', '2023-02-05 06:09:25', 1),
(199, '0', '2023-02-05 06:09:30', 1),
(200, '0', '2023-02-05 06:09:34', 1),
(201, '0', '2023-02-05 06:10:46', 1),
(202, '0', '2023-02-05 06:11:20', 1),
(203, '0', '2023-02-05 06:11:24', 1),
(204, '0', '2023-02-05 06:11:33', 1),
(205, '0', '2023-02-05 06:11:37', 1),
(206, '0', '2023-02-05 06:11:41', 1),
(207, '0', '2023-02-05 06:11:45', 1),
(208, '0', '2023-02-05 06:11:49', 1),
(209, '0', '2023-02-05 06:11:53', 1),
(210, '0', '2023-02-05 06:11:57', 1),
(211, '0', '2023-02-05 06:12:02', 1),
(212, '0', '2023-02-05 06:12:11', 1),
(213, '0', '2023-02-05 06:12:15', 1),
(214, '0', '2023-02-05 06:12:19', 1),
(215, '0', '2023-02-05 06:12:23', 1),
(216, '0', '2023-02-05 06:12:28', 1),
(217, '0', '2023-02-05 06:12:37', 1),
(218, '0', '2023-02-05 06:12:41', 1),
(219, '0', '2023-02-05 06:12:45', 1),
(220, '0', '2023-02-05 06:12:49', 1),
(221, '0', '2023-02-05 06:13:54', 1),
(222, '0', '2023-02-05 06:13:59', 1),
(223, '0', '2023-02-05 06:14:03', 1),
(224, '0', '2023-02-05 06:14:07', 1),
(225, '0', '2023-02-05 06:14:11', 1),
(226, '0', '2023-02-05 06:14:15', 1),
(227, '0', '2023-02-05 06:14:19', 1),
(228, '0', '2023-02-05 06:14:23', 1),
(229, '0', '2023-02-05 06:14:27', 1),
(230, '0', '2023-02-05 06:14:32', 1),
(231, '1', '2023-02-05 06:14:36', 1),
(232, '1', '2023-02-05 06:14:40', 1),
(233, '1', '2023-02-05 06:14:49', 1),
(234, '1', '2023-02-05 06:14:53', 1),
(235, '1', '2023-02-05 06:14:57', 1),
(236, '1', '2023-02-05 06:15:02', 1),
(237, '1', '2023-02-05 06:15:11', 1),
(238, '1', '2023-02-05 06:15:15', 1),
(239, '1', '2023-02-05 06:15:19', 1),
(240, '1', '2023-02-05 06:15:23', 1),
(241, '1', '2023-02-05 06:15:27', 1),
(242, '1', '2023-02-05 06:15:36', 1),
(243, '1', '2023-02-05 06:15:40', 1),
(244, '1', '2023-02-05 06:15:44', 1),
(245, '1', '2023-02-05 06:15:48', 1),
(246, '1', '2023-02-05 06:15:53', 1),
(247, '1', '2023-02-05 06:15:57', 1),
(248, '1', '2023-02-05 06:16:01', 1),
(249, '1', '2023-02-05 06:16:10', 1),
(250, '1', '2023-02-05 06:16:19', 1),
(251, '1', '2023-02-05 06:16:23', 1),
(252, '1', '2023-02-05 06:16:33', 1),
(253, '1', '2023-02-05 06:17:03', 1),
(254, '1', '2023-02-05 06:17:11', 1),
(255, '1', '2023-02-05 06:17:16', 1),
(256, '1', '2023-02-05 06:17:20', 1),
(257, '1', '2023-02-05 06:17:24', 1),
(258, '1', '2023-02-05 06:17:34', 1),
(259, '1', '2023-02-05 06:17:38', 1),
(260, '1', '2023-02-05 06:17:47', 1),
(261, '1', '2023-02-05 06:17:51', 1),
(262, '1', '2023-02-05 06:17:55', 1),
(263, '1', '2023-02-05 06:17:59', 1),
(264, '1', '2023-02-05 06:18:03', 1),
(265, '1', '2023-02-05 06:18:12', 1),
(266, '1', '2023-02-05 06:18:16', 1),
(267, '1', '2023-02-05 06:18:20', 1),
(268, '1', '2023-02-05 06:18:29', 1),
(269, '1', '2023-02-05 06:18:39', 1),
(270, '1', '2023-02-05 06:18:43', 1),
(271, '1', '2023-02-05 06:18:47', 1),
(272, '1', '2023-02-05 06:18:51', 1),
(273, '1', '2023-02-05 06:18:55', 1),
(274, '1', '2023-02-05 06:19:04', 1),
(275, '1', '2023-02-05 06:19:08', 1),
(276, '1', '2023-02-05 06:19:18', 1),
(277, '1', '2023-02-05 06:19:22', 1),
(278, '1', '2023-02-05 06:19:26', 1),
(279, '1', '2023-02-05 06:19:35', 1),
(280, '1', '2023-02-05 06:19:40', 1),
(281, '1', '2023-02-05 06:19:44', 1),
(282, '1', '2023-02-05 06:19:48', 1),
(283, '1', '2023-02-05 06:19:52', 1),
(284, '1', '2023-02-05 06:39:08', 1),
(285, '1', '2023-02-05 06:39:12', 1),
(286, '1', '2023-02-05 06:39:21', 1),
(287, '1', '2023-02-05 06:39:25', 1),
(288, '1', '2023-02-05 06:39:29', 1),
(289, '1', '2023-02-05 06:39:38', 1),
(290, '1', '2023-02-05 06:39:42', 1),
(291, '1', '2023-02-05 06:39:46', 1),
(292, '1', '2023-02-05 06:39:50', 1),
(293, '1', '2023-02-05 06:39:54', 1),
(294, '1', '2023-02-05 06:39:58', 1),
(295, '1', '2023-02-05 06:40:07', 1),
(296, '1', '2023-02-05 06:40:11', 1),
(297, '1', '2023-02-05 06:40:15', 1),
(298, '1', '2023-02-05 06:40:20', 1),
(299, '1', '2023-02-05 06:40:24', 1),
(300, '1', '2023-02-05 06:40:28', 1),
(301, '1', '2023-02-05 06:50:27', 1),
(302, '1', '2023-02-05 06:50:42', 1),
(303, '1', '2023-02-05 06:50:58', 1),
(304, '1', '2023-02-05 06:51:10', 1),
(305, '1', '2023-02-05 06:51:29', 1),
(306, '1', '2023-02-05 06:54:00', 1),
(307, '1', '2023-02-05 06:54:10', 1),
(308, '1', '2023-02-05 06:54:28', 1),
(309, '1', '2023-02-05 06:55:02', 1),
(310, '1', '2023-02-05 06:55:27', 1),
(311, '1', '2023-02-05 06:55:43', 1),
(312, '1', '2023-02-05 06:56:03', 1),
(313, '1', '2023-02-05 06:56:23', 1),
(314, '1', '2023-02-05 06:56:45', 1),
(315, '1', '2023-02-05 06:56:59', 1),
(316, '1', '2023-02-05 06:57:48', 1),
(317, '1', '2023-02-05 06:58:32', 1),
(318, '1', '2023-02-05 06:58:49', 1),
(319, '1', '2023-02-05 07:11:00', 1),
(320, '1', '2023-02-05 07:11:10', 1),
(321, '1', '2023-02-05 07:11:19', 1),
(322, '1', '2023-02-05 10:43:14', 1),
(323, '1', '2023-02-05 10:43:24', 1),
(324, '1', '2023-02-05 10:43:33', 1),
(325, '1', '2023-02-05 10:43:49', 1),
(326, '1', '2023-02-05 10:44:04', 1),
(327, '1', '2023-02-05 10:44:14', 1),
(328, '1', '2023-02-05 10:44:23', 1),
(329, '1', '2023-02-05 10:44:32', 1),
(330, '1', '2023-02-05 10:44:47', 1),
(331, '1', '2023-02-05 10:45:06', 1),
(332, '1', '2023-02-05 10:45:24', 1),
(333, '1', '2023-02-05 10:45:34', 1),
(334, '1', '2023-02-05 10:45:49', 1),
(335, '1', '2023-02-05 10:45:58', 1),
(336, '1', '2023-02-05 10:46:13', 1),
(337, '1', '2023-02-05 10:46:23', 1),
(338, '1', '2023-02-05 10:46:32', 1),
(339, '0', '2023-02-10 12:12:10', 1),
(340, '1', '2023-02-10 12:12:51', 1),
(341, '1', '2023-02-10 12:26:32', 1),
(342, '1', '2023-02-10 21:15:25', 1),
(343, '1', '2023-02-10 21:15:35', 1),
(344, '1', '2023-02-11 00:40:52', 1),
(345, '1', '2023-02-11 00:41:06', 1),
(346, '1', '2023-02-11 00:41:15', 1),
(347, '1', '2023-02-11 00:41:30', 1),
(348, '1', '2023-02-11 00:42:19', 1),
(349, '1', '2023-02-11 00:42:28', 1),
(350, '1', '2023-02-11 00:42:37', 1),
(351, '1', '2023-02-11 00:42:51', 1),
(352, '1', '2023-02-11 00:43:00', 1),
(353, '1', '2023-02-11 00:43:19', 1),
(354, '1', '2023-02-11 00:43:28', 1),
(355, '1', '2023-02-11 00:43:37', 1),
(356, '1', '2023-02-11 00:43:46', 1),
(357, '1', '2023-02-11 00:44:00', 1),
(358, '1', '2023-02-11 00:44:11', 1),
(359, '1', '2023-02-11 00:44:19', 1),
(360, '1', '2023-02-11 00:44:28', 1),
(361, '1', '2023-02-11 00:44:36', 1),
(362, '1', '2023-02-11 00:44:45', 1),
(363, '1', '2023-02-11 00:44:53', 1),
(364, '1', '2023-02-11 00:45:07', 1),
(365, '1', '2023-02-11 00:46:43', 1),
(366, '1', '2023-02-11 00:46:57', 1),
(367, '1', '2023-02-11 00:47:17', 1),
(368, '1', '2023-02-11 00:47:26', 1),
(369, '1', '2023-02-11 00:48:38', 1),
(370, '1', '2023-02-11 00:48:51', 1),
(371, '1', '2023-02-11 00:49:05', 1),
(372, '1', '2023-02-11 00:49:13', 1),
(373, '1', '2023-02-11 00:49:28', 1),
(374, '1', '2023-02-11 00:49:37', 1),
(375, '1', '2023-02-11 01:01:34', 1),
(376, '1', '2023-02-11 01:03:23', 1),
(377, '1', '2023-02-11 01:03:32', 1),
(378, '1', '2023-02-11 01:03:43', 1),
(379, '1', '2023-02-11 01:03:53', 1),
(380, '1', '2023-02-11 01:04:39', 1),
(381, '1', '2023-02-11 01:04:50', 1),
(382, '1', '2023-02-11 01:05:05', 1),
(383, '1', '2023-02-11 01:05:14', 1),
(384, '1', '2023-02-11 01:09:44', 1),
(385, '1', '2023-02-11 01:09:53', 1),
(386, '1', '2023-02-11 01:10:06', 1),
(387, '1', '2023-02-11 01:10:20', 1),
(388, '1', '2023-02-11 01:10:30', 1),
(389, '1', '2023-02-11 01:12:21', 1),
(390, '1', '2023-02-11 01:12:31', 1),
(391, '1', '2023-02-11 01:12:42', 1),
(392, '1', '2023-02-11 01:12:52', 1),
(393, '1', '2023-02-11 01:13:02', 1),
(394, '1', '2023-02-11 01:13:17', 1),
(395, '1', '2023-02-11 01:13:33', 1),
(396, '1', '2023-02-11 02:03:11', 1),
(397, '1', '2023-02-11 02:03:48', 1),
(398, '1', '2023-02-11 02:03:58', 1),
(399, '1', '2023-02-11 02:04:14', 1),
(400, '1', '2023-02-11 02:04:25', 1),
(401, '1', '2023-02-11 02:04:34', 1),
(402, '1', '2023-02-11 02:04:45', 1),
(403, '1', '2023-02-11 02:04:54', 1);

-- --------------------------------------------------------

--
-- Table structure for table `smoke_table`
--

CREATE TABLE `smoke_table` (
  `Smoke_id` int(25) NOT NULL,
  `Smoke_value` varchar(25) NOT NULL,
  `Reading_time` timestamp NOT NULL DEFAULT current_timestamp() ON UPDATE current_timestamp(),
  `Device_id` int(25) NOT NULL
) ENGINE=InnoDB DEFAULT CHARSET=utf8mb4;

--
-- Dumping data for table `smoke_table`
--

INSERT INTO `smoke_table` (`Smoke_id`, `Smoke_value`, `Reading_time`, `Device_id`) VALUES
(1, '538', '2022-12-14 12:32:10', 4),
(2, '468', '2022-12-14 12:32:16', 4),
(3, '467', '2022-12-25 06:32:06', 11),
(4, '423', '2022-12-25 06:32:18', 8),
(5, '4237', '2022-12-25 06:32:26', 2),
(6, '455', '2022-12-25 06:32:34', 5),
(7, '4767', '2022-12-25 06:32:42', 6),
(8, '458', '2022-12-25 06:33:02', 9),
(9, '458', '2022-12-25 06:33:07', 10),
(10, '1', '2023-02-04 17:56:12', 1),
(11, '1', '2023-02-04 17:56:21', 1),
(12, '1', '2023-02-04 17:56:29', 1),
(13, '1', '2023-02-04 17:56:33', 1),
(14, '1', '2023-02-04 17:56:42', 1),
(15, '1', '2023-02-04 17:56:51', 1),
(16, '1', '2023-02-04 17:57:00', 1),
(17, '1', '2023-02-04 17:57:08', 1),
(18, '1', '2023-02-04 17:57:18', 1),
(19, '1', '2023-02-04 18:01:15', 1),
(20, '1', '2023-02-04 18:01:24', 1),
(21, '1', '2023-02-04 18:01:33', 1),
(22, '1', '2023-02-04 18:01:41', 1),
(23, '1', '2023-02-04 18:01:50', 1),
(24, '1', '2023-02-04 18:01:59', 1),
(25, '1', '2023-02-04 18:02:08', 1),
(26, '1', '2023-02-04 18:02:17', 1),
(27, '1', '2023-02-04 18:02:27', 1),
(28, '1', '2023-02-04 18:02:35', 1),
(29, '1', '2023-02-04 18:03:31', 1),
(30, '1', '2023-02-04 18:03:59', 1),
(31, '1', '2023-02-04 18:04:27', 1),
(32, '1', '2023-02-04 18:04:54', 1),
(33, '1', '2023-02-04 18:05:17', 1),
(34, '1', '2023-02-04 18:35:19', 1),
(35, '1', '2023-02-04 18:35:48', 1),
(36, '1', '2023-02-04 18:36:22', 1),
(37, '1', '2023-02-04 18:36:55', 1),
(38, '1', '2023-02-04 18:37:24', 1),
(39, '1', '2023-02-04 18:37:57', 1),
(40, '1', '2023-02-04 18:38:32', 1),
(41, '1', '2023-02-04 18:39:05', 1),
(42, '1', '2023-02-04 18:39:39', 1),
(43, '1', '2023-02-04 18:40:03', 1),
(44, '1', '2023-02-04 18:40:37', 1),
(45, '1', '2023-02-04 18:41:06', 1),
(46, '1', '2023-02-04 18:41:34', 1),
(47, '1', '2023-02-04 18:42:09', 1),
(48, '1', '2023-02-04 18:42:37', 1),
(49, '1', '2023-02-04 18:43:36', 1),
(50, '1', '2023-02-04 18:44:13', 1),
(51, '1', '2023-02-04 18:44:42', 1),
(52, '1', '2023-02-04 18:45:15', 1),
(53, '1', '2023-02-04 18:45:49', 1),
(54, '1', '2023-02-04 18:46:16', 1),
(55, '1', '2023-02-04 18:46:44', 1),
(56, '1', '2023-02-04 18:46:53', 1),
(57, '1', '2023-02-04 18:47:20', 1),
(58, '1', '2023-02-04 18:47:32', 1),
(59, '1', '2023-02-04 18:48:01', 1),
(60, '1', '2023-02-04 18:48:25', 1),
(61, '1', '2023-02-05 04:41:14', 1),
(62, '1', '2023-02-05 04:41:43', 1),
(63, '1', '2023-02-05 04:42:18', 1),
(64, '1', '2023-02-05 04:42:27', 1),
(65, '1', '2023-02-05 04:42:36', 1),
(66, '1', '2023-02-05 04:42:44', 1),
(67, '1', '2023-02-05 04:42:48', 1),
(68, '1', '2023-02-05 04:42:57', 1),
(69, '1', '2023-02-05 04:43:01', 1),
(70, '1', '2023-02-05 04:43:10', 1),
(71, '1', '2023-02-05 04:43:19', 1),
(72, '1', '2023-02-05 04:43:28', 1),
(73, '1', '2023-02-05 04:43:37', 1),
(74, '1', '2023-02-05 04:43:45', 1),
(75, '1', '2023-02-05 04:43:54', 1),
(76, '1', '2023-02-05 04:44:03', 1),
(77, '1', '2023-02-05 06:00:17', 1),
(78, '1', '2023-02-05 06:00:33', 1),
(79, '1', '2023-02-05 06:00:51', 1),
(80, '1', '2023-02-05 06:01:02', 1),
(81, '1', '2023-02-05 06:01:17', 1),
(82, '1', '2023-02-05 06:01:27', 1),
(83, '1', '2023-02-05 06:01:37', 1),
(84, '1', '2023-02-05 06:01:48', 1),
(85, '1', '2023-02-05 06:02:18', 1),
(86, '1', '2023-02-05 06:02:29', 1),
(87, '1', '2023-02-05 06:02:39', 1),
(88, '1', '2023-02-05 06:02:57', 1),
(89, '1', '2023-02-05 06:03:10', 1),
(90, '1', '2023-02-05 06:03:30', 1),
(91, '1', '2023-02-05 06:03:39', 1),
(92, '1', '2023-02-05 06:03:49', 1),
(93, '1', '2023-02-05 06:04:01', 1),
(94, '1', '2023-02-05 06:04:13', 1),
(95, '1', '2023-02-05 06:04:22', 1),
(96, '1', '2023-02-05 06:04:33', 1),
(97, '1', '2023-02-05 06:04:41', 1),
(98, '1', '2023-02-05 06:04:56', 1),
(99, '1', '2023-02-05 06:50:26', 1),
(100, '0', '2023-02-05 06:50:37', 1),
(101, '1', '2023-02-05 06:50:57', 1),
(102, '0', '2023-02-05 06:51:09', 1),
(103, '1', '2023-02-05 06:51:27', 1),
(104, '1', '2023-02-05 06:53:58', 1),
(105, '1', '2023-02-05 06:54:09', 1),
(106, '0', '2023-02-05 06:54:24', 1),
(107, '1', '2023-02-05 06:55:01', 1),
(108, '0', '2023-02-05 06:55:26', 1),
(109, '0', '2023-02-05 06:55:41', 1),
(110, '0', '2023-02-05 06:56:02', 1),
(111, '0', '2023-02-05 06:56:21', 1),
(112, '0', '2023-02-05 06:56:40', 1),
(113, '0', '2023-02-05 06:57:00', 1),
(114, '0', '2023-02-05 06:57:16', 1),
(115, '0', '2023-02-05 06:57:47', 1),
(116, '0', '2023-02-05 06:58:30', 1),
(117, '0', '2023-02-05 06:58:48', 1),
(118, '0', '2023-02-05 06:59:06', 1),
(119, '1', '2023-02-05 07:10:59', 1),
(120, '1', '2023-02-05 07:11:09', 1),
(121, '1', '2023-02-05 07:11:18', 1),
(122, '1', '2023-02-05 10:43:13', 1),
(123, '1', '2023-02-05 10:43:23', 1),
(124, '1', '2023-02-05 10:43:32', 1),
(125, '1', '2023-02-05 10:43:48', 1),
(126, '1', '2023-02-05 10:43:58', 1),
(127, '1', '2023-02-05 10:44:13', 1),
(128, '1', '2023-02-05 10:44:22', 1),
(129, '1', '2023-02-05 10:44:31', 1),
(130, '1', '2023-02-05 10:44:46', 1),
(131, '1', '2023-02-05 10:45:03', 1),
(132, '1', '2023-02-05 10:45:18', 1),
(133, '1', '2023-02-05 10:45:33', 1),
(134, '1', '2023-02-05 10:45:48', 1),
(135, '1', '2023-02-05 10:45:57', 1),
(136, '1', '2023-02-05 10:46:07', 1),
(137, '1', '2023-02-05 10:46:21', 1),
(138, '1', '2023-02-05 10:46:31', 1),
(139, '1', '2023-02-10 05:43:03', 1),
(140, '1', '2023-02-10 06:35:45', 1),
(141, '1', '2023-02-10 06:35:55', 1),
(142, '1', '2023-02-10 06:36:00', 1),
(143, '1', '2023-02-10 06:36:04', 1),
(144, '1', '2023-02-10 06:36:09', 1),
(145, '1', '2023-02-10 06:36:13', 1),
(146, '1', '2023-02-10 06:36:54', 1),
(147, '1', '2023-02-10 06:36:59', 1),
(148, '1', '2023-02-10 06:37:02', 1),
(149, '1', '2023-02-10 06:37:11', 1),
(150, '1', '2023-02-10 06:37:15', 1),
(151, '1', '2023-02-10 06:37:19', 1),
(152, '1', '2023-02-10 06:37:23', 1),
(153, '1', '2023-02-10 06:37:28', 1),
(154, '1', '2023-02-10 06:37:33', 1),
(155, '1', '2023-02-10 06:37:42', 1),
(156, '1', '2023-02-10 06:37:46', 1),
(157, '1', '2023-02-10 06:37:51', 1),
(158, '1', '2023-02-10 06:37:55', 1),
(159, '1', '2023-02-10 06:37:59', 1),
(160, '1', '2023-02-10 06:38:03', 1),
(161, '1', '2023-02-10 06:38:08', 1),
(162, '1', '2023-02-10 06:38:13', 1),
(163, '1', '2023-02-10 06:38:17', 1),
(164, '1', '2023-02-10 06:38:22', 1),
(165, '1', '2023-02-10 06:38:32', 1),
(166, '1', '2023-02-10 06:38:37', 1),
(167, '1', '2023-02-10 06:38:44', 1),
(168, '1', '2023-02-10 06:38:48', 1),
(169, '1', '2023-02-10 06:39:56', 1),
(170, '1', '2023-02-10 06:40:01', 1),
(171, '1', '2023-02-10 06:40:06', 1),
(172, '1', '2023-02-10 06:40:12', 1),
(173, '1', '2023-02-10 06:40:18', 1),
(174, '1', '2023-02-10 06:40:21', 1),
(175, '1', '2023-02-10 06:40:26', 1),
(176, '1', '2023-02-10 06:40:31', 1),
(177, '1', '2023-02-10 06:40:35', 1),
(178, '1', '2023-02-10 06:40:40', 1),
(179, '1', '2023-02-10 06:40:43', 1),
(180, '1', '2023-02-10 06:40:47', 1),
(181, '1', '2023-02-10 06:40:51', 1),
(182, '1', '2023-02-10 06:40:52', 1),
(183, '1', '2023-02-10 06:41:01', 1),
(184, '1', '2023-02-10 06:41:01', 1),
(185, '1', '2023-02-10 06:41:05', 1),
(186, '1', '2023-02-10 06:41:05', 1),
(187, '1', '2023-02-10 06:41:09', 1),
(188, '1', '2023-02-10 06:41:13', 1),
(189, '1', '2023-02-10 06:41:14', 1),
(190, '1', '2023-02-10 06:41:17', 1),
(191, '1', '2023-02-10 06:41:22', 1),
(192, '1', '2023-02-10 06:41:23', 1),
(193, '1', '2023-02-10 06:41:26', 1),
(194, '1', '2023-02-10 06:41:32', 1),
(195, '1', '2023-02-10 06:41:35', 1),
(196, '0', '2023-02-10 06:41:36', 1),
(197, '1', '2023-02-10 06:41:39', 1),
(198, '1', '2023-02-10 06:41:43', 1),
(199, '0', '2023-02-10 06:41:45', 1),
(200, '1', '2023-02-10 06:41:47', 1),
(201, '1', '2023-02-10 06:41:52', 1),
(202, '0', '2023-02-10 06:41:54', 1),
(203, '1', '2023-02-10 06:41:56', 1),
(204, '1', '2023-02-10 06:42:00', 1),
(205, '0', '2023-02-10 06:42:03', 1),
(206, '1', '2023-02-10 06:42:06', 1),
(207, '1', '2023-02-10 06:42:12', 1),
(208, '1', '2023-02-10 06:42:13', 1),
(209, '1', '2023-02-10 06:42:14', 1),
(210, '1', '2023-02-10 06:42:18', 1),
(211, '0', '2023-02-10 06:42:21', 1),
(212, '1', '2023-02-10 06:42:22', 1),
(213, '1', '2023-02-10 06:42:26', 1),
(214, '0', '2023-02-10 06:42:31', 1),
(215, '1', '2023-02-10 06:42:33', 1),
(216, '0', '2023-02-10 06:42:40', 1),
(217, '1', '2023-02-10 06:42:42', 1),
(218, '0', '2023-02-10 06:42:44', 1),
(219, '1', '2023-02-10 06:42:47', 1),
(220, '1', '2023-02-10 06:42:51', 1),
(221, '0', '2023-02-10 06:42:53', 1),
(222, '0', '2023-02-10 06:43:00', 1),
(223, '1', '2023-02-10 06:43:00', 1),
(224, '0', '2023-02-10 06:43:01', 1),
(225, '1', '2023-02-10 06:43:04', 1),
(226, '1', '2023-02-10 06:43:09', 1),
(227, '0', '2023-02-10 06:43:10', 1),
(228, '1', '2023-02-10 06:43:13', 1),
(229, '0', '2023-02-10 06:43:14', 1),
(230, '1', '2023-02-10 06:43:17', 1),
(231, '1', '2023-02-10 06:43:21', 1),
(232, '0', '2023-02-10 06:43:23', 1),
(233, '1', '2023-02-10 06:43:25', 1),
(234, '1', '2023-02-10 06:43:29', 1),
(235, '0', '2023-02-10 06:43:32', 1),
(236, '1', '2023-02-10 06:43:34', 1),
(237, '1', '2023-02-10 06:43:38', 1),
(238, '0', '2023-02-10 06:43:41', 1),
(239, '1', '2023-02-10 06:43:42', 1),
(240, '0', '2023-02-10 06:43:45', 1),
(241, '1', '2023-02-10 06:43:46', 1),
(242, '0', '2023-02-10 06:43:49', 1),
(243, '1', '2023-02-10 06:43:51', 1),
(244, '1', '2023-02-10 06:43:55', 1),
(245, '1', '2023-02-10 06:43:59', 1),
(246, '0', '2023-02-10 06:43:59', 1),
(247, '1', '2023-02-10 06:44:03', 1),
(248, '1', '2023-02-10 06:44:07', 1),
(249, '0', '2023-02-10 06:44:08', 1),
(250, '1', '2023-02-10 06:44:12', 1),
(251, '1', '2023-02-10 06:44:16', 1),
(252, '0', '2023-02-10 06:44:17', 1),
(253, '1', '2023-02-10 06:44:20', 1),
(254, '1', '2023-02-10 06:44:25', 1),
(255, '0', '2023-02-10 06:44:26', 1),
(256, '1', '2023-02-10 06:44:34', 1),
(257, '0', '2023-02-10 06:44:35', 1),
(258, '0', '2023-02-10 06:44:39', 1),
(259, '1', '2023-02-10 06:44:43', 1),
(260, '1', '2023-02-10 06:44:47', 1),
(261, '0', '2023-02-10 06:44:48', 1),
(262, '1', '2023-02-10 06:44:51', 1),
(263, '0', '2023-02-10 06:44:53', 1),
(264, '1', '2023-02-10 06:44:55', 1),
(265, '0', '2023-02-10 06:44:57', 1),
(266, '1', '2023-02-10 06:44:59', 1),
(267, '1', '2023-02-10 06:45:04', 1),
(268, '0', '2023-02-10 06:45:07', 1),
(269, '1', '2023-02-10 06:45:08', 1),
(270, '0', '2023-02-10 06:45:12', 1),
(271, '1', '2023-02-10 06:45:13', 1),
(272, '0', '2023-02-10 06:45:15', 1),
(273, '1', '2023-02-10 06:45:17', 1),
(274, '0', '2023-02-10 06:45:19', 1),
(275, '1', '2023-02-10 06:45:21', 1),
(276, '1', '2023-02-10 06:45:25', 1),
(277, '0', '2023-02-10 06:45:28', 1),
(278, '1', '2023-02-10 06:45:29', 1),
(279, '1', '2023-02-10 06:45:33', 1),
(280, '0', '2023-02-10 06:45:37', 1),
(281, '1', '2023-02-10 06:45:37', 1),
(282, '0', '2023-02-10 06:45:41', 1),
(283, '1', '2023-02-10 06:45:42', 1),
(284, '1', '2023-02-10 06:45:46', 1),
(285, '1', '2023-02-10 06:45:50', 1),
(286, '0', '2023-02-10 06:45:51', 1),
(287, '1', '2023-02-10 06:45:55', 1),
(288, '0', '2023-02-10 06:45:55', 1),
(289, '1', '2023-02-10 06:45:59', 1),
(290, '0', '2023-02-10 06:45:59', 1),
(291, '1', '2023-02-10 06:46:03', 1),
(292, '0', '2023-02-10 06:46:03', 1),
(293, '1', '2023-02-10 06:46:07', 1),
(294, '1', '2023-02-10 06:46:11', 1),
(295, '1', '2023-02-10 06:46:16', 1),
(296, '1', '2023-02-10 06:46:21', 1),
(297, '1', '2023-02-10 06:46:25', 1),
(298, '1', '2023-02-10 06:46:30', 1),
(299, '1', '2023-02-10 06:46:34', 1),
(300, '1', '2023-02-10 06:46:39', 1),
(301, '1', '2023-02-10 06:46:43', 1),
(302, '1', '2023-02-10 06:46:52', 1),
(303, '1', '2023-02-10 06:46:56', 1),
(304, '1', '2023-02-10 06:47:01', 1),
(305, '1', '2023-02-10 06:47:06', 1),
(306, '1', '2023-02-10 06:47:10', 1),
(307, '0', '2023-02-10 06:47:14', 1),
(308, '1', '2023-02-10 06:47:14', 1),
(309, '0', '2023-02-10 06:47:18', 1),
(310, '1', '2023-02-10 06:47:19', 1),
(311, '0', '2023-02-10 06:47:22', 1),
(312, '1', '2023-02-10 06:47:23', 1),
(313, '1', '2023-02-10 06:47:27', 1),
(314, '1', '2023-02-10 06:47:31', 1),
(315, '0', '2023-02-10 06:47:32', 1),
(316, '1', '2023-02-10 06:47:38', 1),
(317, '1', '2023-02-10 06:47:42', 1),
(318, '1', '2023-02-10 06:47:46', 1),
(319, '1', '2023-02-10 06:47:50', 1),
(320, '1', '2023-02-10 06:47:55', 1),
(321, '1', '2023-02-10 06:47:59', 1),
(322, '1', '2023-02-10 06:48:03', 1),
(323, '1', '2023-02-10 06:48:07', 1),
(324, '1', '2023-02-10 06:48:12', 1),
(325, '1', '2023-02-10 06:48:16', 1),
(326, '1', '2023-02-10 06:48:21', 1),
(327, '1', '2023-02-10 06:48:25', 1),
(328, '1', '2023-02-10 06:48:30', 1),
(329, '1', '2023-02-10 06:48:34', 1),
(330, '1', '2023-02-10 06:48:39', 1),
(331, '1', '2023-02-10 06:48:43', 1),
(332, '1', '2023-02-10 06:48:54', 1),
(333, '1', '2023-02-10 06:49:04', 1),
(334, '1', '2023-02-10 06:49:09', 1),
(335, '1', '2023-02-10 06:49:14', 1),
(336, '1', '2023-02-10 06:49:18', 1),
(337, '1', '2023-02-10 10:35:10', 1),
(338, '1', '2023-02-10 10:35:19', 1),
(339, '1', '2023-02-10 10:35:29', 1),
(340, '1', '2023-02-10 10:35:33', 1),
(341, '1', '2023-02-10 10:35:37', 1),
(342, '1', '2023-02-10 10:35:46', 1),
(343, '1', '2023-02-10 10:35:50', 1),
(344, '1', '2023-02-10 12:12:04', 1),
(345, '1', '2023-02-10 12:12:45', 1),
(346, '1', '2023-02-10 12:26:26', 1),
(347, '1', '2023-02-10 12:26:54', 1),
(348, '1', '2023-02-10 21:15:24', 1),
(349, '1', '2023-02-10 21:15:34', 1),
(350, '1', '2023-02-11 00:40:51', 1),
(351, '1', '2023-02-11 00:41:05', 1),
(352, '1', '2023-02-11 00:41:14', 1),
(353, '1', '2023-02-11 00:41:29', 1),
(354, '1', '2023-02-11 00:42:18', 1),
(355, '1', '2023-02-11 00:42:27', 1),
(356, '1', '2023-02-11 00:42:36', 1),
(357, '1', '2023-02-11 00:42:50', 1),
(358, '1', '2023-02-11 00:42:59', 1),
(359, '1', '2023-02-11 00:43:18', 1),
(360, '1', '2023-02-11 00:43:27', 1),
(361, '1', '2023-02-11 00:43:36', 1),
(362, '1', '2023-02-11 00:43:45', 1),
(363, '1', '2023-02-11 00:43:54', 1),
(364, '1', '2023-02-11 00:44:09', 1),
(365, '1', '2023-02-11 00:44:18', 1),
(366, '1', '2023-02-11 00:44:27', 1),
(367, '1', '2023-02-11 00:44:35', 1),
(368, '1', '2023-02-11 00:44:43', 1),
(369, '1', '2023-02-11 00:44:52', 1),
(370, '1', '2023-02-11 00:45:06', 1),
(371, '1', '2023-02-11 00:46:42', 1),
(372, '1', '2023-02-11 00:46:56', 1),
(373, '1', '2023-02-11 00:47:16', 1),
(374, '1', '2023-02-11 00:47:25', 1),
(375, '1', '2023-02-11 00:48:37', 1),
(376, '1', '2023-02-11 00:48:50', 1),
(377, '1', '2023-02-11 00:49:04', 1),
(378, '1', '2023-02-11 00:49:12', 1),
(379, '1', '2023-02-11 00:49:26', 1),
(380, '1', '2023-02-11 00:49:36', 1),
(381, '1', '2023-02-11 01:01:28', 1),
(382, '1', '2023-02-11 01:03:21', 1),
(383, '1', '2023-02-11 01:03:31', 1),
(384, '1', '2023-02-11 01:03:41', 1),
(385, '1', '2023-02-11 01:03:52', 1),
(386, '1', '2023-02-11 01:04:38', 1),
(387, '1', '2023-02-11 01:04:48', 1),
(388, '1', '2023-02-11 01:04:59', 1),
(389, '1', '2023-02-11 01:05:13', 1),
(390, '1', '2023-02-11 01:09:42', 1),
(391, '1', '2023-02-11 01:09:52', 1),
(392, '1', '2023-02-11 01:10:05', 1),
(393, '1', '2023-02-11 01:10:19', 1),
(394, '1', '2023-02-11 01:10:29', 1),
(395, '1', '2023-02-11 01:10:39', 1),
(396, '1', '2023-02-11 01:12:20', 1),
(397, '1', '2023-02-11 01:12:30', 1),
(398, '1', '2023-02-11 01:12:40', 1),
(399, '1', '2023-02-11 01:12:52', 1),
(400, '1', '2023-02-11 01:13:01', 1),
(401, '1', '2023-02-11 01:13:16', 1),
(402, '1', '2023-02-11 01:13:31', 1),
(403, '1', '2023-02-11 02:03:09', 1),
(404, '1', '2023-02-11 02:03:25', 1),
(405, '1', '2023-02-11 02:03:39', 1),
(406, '1', '2023-02-11 02:03:47', 1),
(407, '1', '2023-02-11 02:03:58', 1),
(408, '1', '2023-02-11 02:04:10', 1),
(409, '1', '2023-02-11 02:04:23', 1),
(410, '1', '2023-02-11 02:04:33', 1),
(411, '1', '2023-02-11 02:04:44', 1),
(412, '1', '2023-02-11 02:04:53', 1),
(413, '1', '2023-02-11 02:05:46', 1),
(414, '1', '2023-02-11 02:05:58', 1),
(415, '1', '2023-02-11 02:06:10', 1),
(416, '1', '2023-02-11 02:06:26', 1),
(417, '1', '2023-02-11 02:06:38', 1),
(418, '1', '2023-02-11 02:06:46', 1),
(419, '1', '2023-02-11 02:06:53', 1),
(420, '1', '2023-02-11 02:07:00', 1),
(421, '1', '2023-02-11 02:07:07', 1),
(422, '1', '2023-02-11 04:53:01', 1),
(423, '1', '2023-02-11 04:53:18', 1),
(424, '1', '2023-02-11 04:53:29', 1),
(425, '1', '2023-02-11 04:53:41', 1),
(426, '1', '2023-02-11 04:53:47', 1),
(427, '1', '2023-02-11 04:54:04', 1),
(428, '1', '2023-02-11 04:54:26', 1),
(429, '1', '2023-02-11 04:54:44', 1),
(430, '1', '2023-02-11 04:54:56', 1),
(431, '1', '2023-02-11 04:55:08', 1),
(432, '1', '2023-02-11 04:55:19', 1),
(433, '1', '2023-02-11 04:55:31', 1),
(434, '1', '2023-02-11 04:55:38', 1),
(435, '0', '2023-02-11 08:37:50', 1),
(436, '1', '2023-02-11 08:38:01', 1),
(437, '1', '2023-02-11 08:38:09', 1),
(438, '1', '2023-02-11 08:38:22', 1),
(439, '1', '2023-02-11 08:38:34', 1),
(440, '1', '2023-02-11 08:38:41', 1),
(441, '1', '2023-02-11 08:38:53', 1),
(442, '1', '2023-02-11 08:39:01', 1),
(443, '1', '2023-02-11 08:39:14', 1),
(444, '1', '2023-02-11 08:39:26', 1),
(445, '1', '2023-02-11 08:39:43', 1),
(446, '1', '2023-02-11 08:39:54', 1),
(447, '1', '2023-02-11 08:40:02', 1),
(448, '1', '2023-02-11 08:40:13', 1),
(449, '1', '2023-02-11 08:40:26', 1),
(450, '1', '2023-02-11 08:40:32', 1),
(451, '1', '2023-02-11 08:40:39', 1),
(452, '1', '2023-02-11 08:40:51', 1),
(453, '1', '2023-02-11 08:41:03', 1),
(454, '1', '2023-02-11 08:41:10', 1);

-- --------------------------------------------------------

--
-- Table structure for table `temprature_table`
--

CREATE TABLE `temprature_table` (
  `Temp_id` int(25) NOT NULL,
  `Temprature` int(25) NOT NULL,
  `Reading_time` timestamp NOT NULL DEFAULT current_timestamp() ON UPDATE current_timestamp(),
  `Humidity` int(25) NOT NULL
) ENGINE=InnoDB DEFAULT CHARSET=utf8mb4;

--
-- Dumping data for table `temprature_table`
--

INSERT INTO `temprature_table` (`Temp_id`, `Temprature`, `Reading_time`, `Humidity`) VALUES
(1, 25, '2022-12-13 16:56:34', 20),
(2, 36, '2022-12-25 06:34:02', 23),
(3, 36, '2022-12-25 06:34:09', 27),
(4, 28, '2022-12-25 06:34:18', 23),
(5, 28, '2022-12-25 06:34:29', 39),
(6, 38, '2022-12-25 06:34:35', 39),
(7, 45, '2022-12-25 06:34:48', 57),
(8, 38, '2022-12-25 06:35:22', 37),
(9, 38, '2022-12-25 06:35:29', 28),
(10, 27, '2023-02-04 11:07:30', 51),
(11, 30, '2023-02-04 11:07:40', 52),
(12, 30, '2023-02-04 11:07:49', 52),
(13, 31, '2023-02-04 11:07:58', 52),
(14, 31, '2023-02-04 11:08:08', 48),
(15, 31, '2023-02-04 11:08:17', 46),
(16, 30, '2023-02-04 11:08:26', 45),
(17, 30, '2023-02-04 11:08:36', 45),
(18, 30, '2023-02-04 11:08:46', 45),
(19, 29, '2023-02-04 11:08:55', 46),
(20, 29, '2023-02-04 11:09:04', 47),
(21, 29, '2023-02-04 11:09:13', 47),
(22, 28, '2023-02-04 11:09:23', 48),
(23, 28, '2023-02-04 11:09:32', 49),
(24, 28, '2023-02-04 11:09:42', 50),
(25, 28, '2023-02-04 11:09:51', 50),
(26, 28, '2023-02-04 11:10:00', 51),
(27, 28, '2023-02-04 11:10:09', 51),
(28, 28, '2023-02-04 11:10:19', 51),
(29, 28, '2023-02-04 11:10:28', 52),
(30, 27, '2023-02-04 11:10:37', 52),
(31, 27, '2023-02-04 11:10:47', 53),
(32, 27, '2023-02-04 11:10:56', 53),
(33, 27, '2023-02-04 11:11:05', 53),
(34, 27, '2023-02-04 11:11:14', 53),
(35, 27, '2023-02-04 11:11:24', 53),
(36, 27, '2023-02-04 11:11:33', 53),
(37, 27, '2023-02-04 11:11:42', 53),
(38, 27, '2023-02-04 11:11:53', 53),
(39, 27, '2023-02-04 11:12:03', 53),
(40, 27, '2023-02-04 11:12:12', 52),
(41, 27, '2023-02-04 11:12:22', 53),
(42, 27, '2023-02-04 11:12:31', 53),
(43, 27, '2023-02-04 11:12:40', 53),
(44, 27, '2023-02-04 11:12:50', 53),
(45, 26, '2023-02-04 11:12:59', 53),
(46, 29, '2023-02-04 11:36:05', 64),
(47, 29, '2023-02-04 11:36:20', 50),
(48, 29, '2023-02-04 11:36:35', 48),
(49, 28, '2023-02-04 11:36:50', 47),
(50, 28, '2023-02-04 11:37:05', 47),
(51, 28, '2023-02-04 11:37:20', 47),
(52, 28, '2023-02-04 11:37:34', 48),
(53, 27, '2023-02-04 11:37:49', 49),
(54, 32, '2023-02-04 14:50:02', 30),
(55, 32, '2023-02-04 14:50:11', 28),
(56, 32, '2023-02-04 14:50:46', 28),
(57, 31, '2023-02-04 14:51:03', 31),
(58, 31, '2023-02-04 14:51:13', 30),
(59, 31, '2023-02-04 14:51:29', 30),
(60, 30, '2023-02-04 14:51:36', 30),
(61, 30, '2023-02-04 14:51:47', 31),
(62, 30, '2023-02-04 14:52:01', 31),
(63, 30, '2023-02-04 14:52:13', 31),
(64, 30, '2023-02-04 14:52:18', 32),
(65, 30, '2023-02-04 14:52:29', 32),
(66, 29, '2023-02-04 14:52:40', 33),
(67, 29, '2023-02-04 14:52:56', 33),
(68, 29, '2023-02-04 14:53:11', 33),
(69, 29, '2023-02-04 14:53:23', 34),
(70, 29, '2023-02-04 14:53:34', 34),
(71, 29, '2023-02-04 14:53:51', 35),
(72, 29, '2023-02-04 14:54:03', 35),
(73, 29, '2023-02-04 14:54:14', 36),
(74, 29, '2023-02-04 14:54:25', 36),
(75, 28, '2023-02-04 14:54:36', 36),
(76, 28, '2023-02-04 14:54:52', 37),
(77, 28, '2023-02-04 14:55:02', 37),
(78, 28, '2023-02-04 14:55:13', 37),
(79, 28, '2023-02-04 14:55:29', 38),
(80, 28, '2023-02-04 14:55:40', 39),
(81, 28, '2023-02-04 14:55:59', 40),
(82, 28, '2023-02-04 14:56:10', 40),
(83, 28, '2023-02-04 14:56:26', 39),
(84, 28, '2023-02-04 14:56:37', 39),
(85, 28, '2023-02-04 14:56:48', 38),
(86, 28, '2023-02-04 14:56:58', 38),
(87, 28, '2023-02-04 14:57:09', 39),
(88, 28, '2023-02-04 14:58:18', 40),
(89, 29, '2023-02-04 14:58:28', 40),
(90, 29, '2023-02-04 14:58:45', 40),
(91, 29, '2023-02-04 14:58:55', 40),
(92, 29, '2023-02-04 14:59:14', 38),
(93, 29, '2023-02-04 14:59:17', 38),
(94, 29, '2023-02-04 14:59:27', 39),
(95, 29, '2023-02-04 14:59:38', 39),
(96, 29, '2023-02-04 14:59:55', 38),
(97, 29, '2023-02-04 15:00:05', 39),
(98, 29, '2023-02-04 15:00:21', 39),
(99, 29, '2023-02-04 15:00:37', 40),
(100, 29, '2023-02-04 15:00:48', 39),
(101, 29, '2023-02-04 15:01:01', 39),
(102, 29, '2023-02-04 15:01:12', 40),
(103, 29, '2023-02-04 15:01:28', 38),
(104, 29, '2023-02-04 15:01:43', 38),
(105, 29, '2023-02-04 15:01:55', 39),
(106, 29, '2023-02-04 15:02:05', 38),
(107, 29, '2023-02-04 15:02:16', 37),
(108, 29, '2023-02-04 15:02:28', 37),
(109, 29, '2023-02-04 15:02:51', 37),
(110, 29, '2023-02-04 15:03:08', 37),
(111, 29, '2023-02-04 15:03:18', 37),
(112, 29, '2023-02-04 15:03:34', 37),
(113, 29, '2023-02-04 15:03:50', 37),
(114, 29, '2023-02-04 15:04:06', 37),
(115, 29, '2023-02-04 15:04:12', 37),
(116, 29, '2023-02-04 15:04:28', 38),
(117, 29, '2023-02-04 15:04:41', 38),
(118, 29, '2023-02-04 15:04:57', 39),
(119, 29, '2023-02-04 15:14:51', 40),
(120, 30, '2023-02-04 15:15:06', 36),
(121, 30, '2023-02-04 15:15:22', 36),
(122, 30, '2023-02-04 15:15:33', 36),
(123, 30, '2023-02-04 15:15:48', 37),
(124, 30, '2023-02-04 15:16:03', 37),
(125, 29, '2023-02-04 15:16:14', 37),
(126, 29, '2023-02-04 15:16:24', 37),
(127, 29, '2023-02-04 15:16:34', 37),
(128, 29, '2023-02-04 15:16:43', 38),
(129, 29, '2023-02-04 17:32:50', 47),
(130, 29, '2023-02-04 17:33:12', 47),
(131, 29, '2023-02-04 17:33:34', 47),
(132, 29, '2023-02-04 17:33:57', 47),
(133, 29, '2023-02-04 17:34:19', 47),
(134, 29, '2023-02-04 17:34:35', 47),
(135, 29, '2023-02-04 17:34:57', 47),
(136, 29, '2023-02-04 17:36:55', 47),
(137, 29, '2023-02-04 17:37:07', 47),
(138, 29, '2023-02-04 17:37:28', 47),
(139, 29, '2023-02-04 17:37:45', 47),
(140, 29, '2023-02-04 17:38:01', 46),
(141, 29, '2023-02-04 17:48:58', 46),
(142, 29, '2023-02-04 17:49:20', 46),
(143, 29, '2023-02-04 17:49:41', 46),
(144, 29, '2023-02-04 18:03:25', 47),
(145, 29, '2023-02-04 18:03:53', 47),
(146, 29, '2023-02-04 18:04:21', 47),
(147, 29, '2023-02-04 18:04:48', 47),
(148, 29, '2023-02-04 18:35:13', 49),
(149, 29, '2023-02-04 18:35:42', 49),
(150, 29, '2023-02-04 18:36:16', 49),
(151, 29, '2023-02-04 18:36:49', 49),
(152, 29, '2023-02-04 18:37:18', 49),
(153, 29, '2023-02-04 18:37:51', 50),
(154, 29, '2023-02-04 18:38:26', 50),
(155, 29, '2023-02-04 18:38:59', 50),
(156, 29, '2023-02-04 18:39:33', 50),
(157, 29, '2023-02-04 18:40:02', 50),
(158, 29, '2023-02-04 18:40:31', 50),
(159, 29, '2023-02-04 18:41:00', 50),
(160, 29, '2023-02-04 18:41:29', 50),
(161, 29, '2023-02-04 18:42:03', 50),
(162, 29, '2023-02-04 18:42:32', 50),
(163, 29, '2023-02-04 18:43:29', 50),
(164, 28, '2023-02-04 18:44:07', 50),
(165, 28, '2023-02-04 18:44:35', 50),
(166, 28, '2023-02-04 18:45:09', 50),
(167, 28, '2023-02-04 18:45:43', 49),
(168, 29, '2023-02-04 18:46:10', 49),
(169, 29, '2023-02-04 18:46:43', 49),
(170, 29, '2023-02-04 18:46:52', 49),
(171, 29, '2023-02-04 18:47:12', 49),
(172, 29, '2023-02-04 18:47:31', 49),
(173, 28, '2023-02-04 18:48:00', 49),
(174, 28, '2023-02-04 18:48:19', 49),
(175, 28, '2023-02-05 04:41:14', 48),
(176, 28, '2023-02-05 04:41:42', 48),
(177, 27, '2023-02-05 06:00:16', 57),
(178, 26, '2023-02-05 06:00:30', 55),
(179, 26, '2023-02-05 06:00:50', 55),
(180, 26, '2023-02-05 06:01:00', 56),
(181, 26, '2023-02-05 06:01:11', 56),
(182, 26, '2023-02-05 06:01:26', 56),
(183, 26, '2023-02-05 06:01:36', 56),
(184, 26, '2023-02-05 06:01:47', 56),
(185, 26, '2023-02-05 06:02:14', 57),
(186, 26, '2023-02-05 06:02:27', 57),
(187, 26, '2023-02-05 06:02:41', 57),
(188, 26, '2023-02-05 06:02:56', 57),
(189, 26, '2023-02-05 06:03:06', 57),
(190, 26, '2023-02-05 06:03:29', 57),
(191, 26, '2023-02-05 06:03:38', 57),
(192, 27, '2023-02-05 06:03:47', 57),
(193, 27, '2023-02-05 06:04:00', 57),
(194, 27, '2023-02-05 06:04:11', 57),
(195, 27, '2023-02-05 06:04:21', 57),
(196, 27, '2023-02-05 06:04:32', 57),
(197, 27, '2023-02-05 06:04:40', 57),
(198, 27, '2023-02-05 06:04:55', 57),
(199, 27, '2023-02-05 06:59:21', 57),
(200, 26, '2023-02-05 07:10:58', 55),
(201, 26, '2023-02-05 07:11:08', 55),
(202, 26, '2023-02-05 07:11:17', 56),
(203, 28, '2023-02-05 10:43:07', 56),
(204, 29, '2023-02-05 10:43:22', 54),
(205, 29, '2023-02-05 10:43:31', 54),
(206, 29, '2023-02-05 10:43:47', 54),
(207, 29, '2023-02-05 10:43:56', 54),
(208, 29, '2023-02-05 10:44:12', 54),
(209, 29, '2023-02-05 10:44:21', 54),
(210, 29, '2023-02-05 10:44:30', 54),
(211, 29, '2023-02-05 10:44:45', 54),
(212, 29, '2023-02-05 10:44:57', 54),
(213, 29, '2023-02-05 10:45:18', 54),
(214, 29, '2023-02-05 10:45:32', 54),
(215, 29, '2023-02-05 10:45:42', 54),
(216, 29, '2023-02-05 10:45:56', 54),
(217, 29, '2023-02-05 10:46:06', 54),
(218, 29, '2023-02-05 10:46:20', 54),
(219, 29, '2023-02-05 10:46:30', 54),
(220, 28, '2023-02-10 12:44:21', 41),
(221, 28, '2023-02-10 12:44:38', 41),
(222, 28, '2023-02-10 12:45:00', 42),
(223, 28, '2023-02-10 12:45:23', 41),
(224, 28, '2023-02-10 12:45:45', 41),
(225, 28, '2023-02-10 12:46:02', 41),
(226, 28, '2023-02-10 12:46:24', 41),
(227, 28, '2023-02-10 12:46:36', 41),
(228, 28, '2023-02-10 12:46:43', 42),
(229, 28, '2023-02-10 12:47:05', 42),
(230, 28, '2023-02-10 12:47:23', 41),
(231, 28, '2023-02-10 12:48:45', 41),
(232, 28, '2023-02-10 12:49:05', 42),
(233, 28, '2023-02-10 12:49:14', 42),
(234, 28, '2023-02-10 12:49:20', 42),
(235, 28, '2023-02-10 12:49:32', 42),
(236, 28, '2023-02-10 12:49:41', 42),
(237, 28, '2023-02-10 12:49:52', 42),
(238, 28, '2023-02-10 12:50:01', 42),
(239, 27, '2023-02-10 12:57:18', 43),
(240, 27, '2023-02-10 12:57:40', 43),
(241, 27, '2023-02-10 12:57:52', 43),
(242, 27, '2023-02-10 12:58:04', 43),
(243, 27, '2023-02-10 12:58:11', 43),
(244, 27, '2023-02-10 12:58:23', 43),
(245, 27, '2023-02-10 12:58:41', 43),
(246, 28, '2023-02-10 12:58:52', 43),
(247, 28, '2023-02-10 12:59:04', 43),
(248, 28, '2023-02-10 12:59:16', 43),
(249, 28, '2023-02-10 12:59:37', 43),
(250, 28, '2023-02-10 12:59:46', 43),
(251, 28, '2023-02-10 12:59:58', 42),
(252, 28, '2023-02-10 13:00:52', 42),
(253, 28, '2023-02-10 13:01:09', 42),
(254, 28, '2023-02-10 13:01:25', 42),
(255, 28, '2023-02-10 13:01:36', 42),
(256, 28, '2023-02-10 13:01:55', 42),
(257, 28, '2023-02-10 13:02:12', 43),
(258, 28, '2023-02-10 13:02:29', 42),
(259, 28, '2023-02-10 13:02:51', 42),
(260, 28, '2023-02-10 13:03:13', 42),
(261, 28, '2023-02-10 13:03:32', 42),
(262, 28, '2023-02-10 13:03:49', 42),
(263, 28, '2023-02-10 13:04:12', 42),
(264, 28, '2023-02-10 13:04:28', 42),
(265, 28, '2023-02-10 13:04:40', 42),
(266, 28, '2023-02-10 13:04:57', 42),
(267, 28, '2023-02-10 13:05:10', 42),
(268, 28, '2023-02-10 13:05:27', 42),
(269, 28, '2023-02-10 13:05:43', 43),
(270, 28, '2023-02-10 13:06:01', 43),
(271, 28, '2023-02-10 13:06:41', 43),
(272, 28, '2023-02-10 13:07:02', 43),
(273, 28, '2023-02-10 13:07:20', 43),
(274, 28, '2023-02-10 13:07:32', 43),
(275, 28, '2023-02-10 13:07:49', 43),
(276, 28, '2023-02-10 13:08:07', 43),
(277, 28, '2023-02-10 13:08:19', 43),
(278, 28, '2023-02-10 13:08:36', 43),
(279, 28, '2023-02-10 13:08:53', 43),
(280, 28, '2023-02-10 13:09:06', 43),
(281, 28, '2023-02-10 13:09:12', 43),
(282, 28, '2023-02-10 13:09:25', 43),
(283, 28, '2023-02-10 13:09:42', 43),
(284, 28, '2023-02-10 13:10:03', 43),
(285, 28, '2023-02-10 13:11:38', 43),
(286, 28, '2023-02-10 13:11:56', 43),
(287, 28, '2023-02-10 13:12:13', 43),
(288, 28, '2023-02-10 13:12:30', 43),
(289, 28, '2023-02-10 13:12:53', 43),
(290, 28, '2023-02-10 13:13:13', 43),
(291, 27, '2023-02-10 13:13:45', 44),
(292, 27, '2023-02-10 13:13:57', 44),
(293, 27, '2023-02-10 13:14:09', 44),
(294, 27, '2023-02-10 13:14:21', 44),
(295, 27, '2023-02-10 13:14:34', 44),
(296, 27, '2023-02-10 13:14:51', 44),
(297, 27, '2023-02-10 13:15:04', 44),
(298, 27, '2023-02-10 13:15:21', 44),
(299, 27, '2023-02-10 13:15:42', 44),
(300, 27, '2023-02-10 13:15:55', 44),
(301, 27, '2023-02-10 13:16:40', 44),
(302, 25, '2023-02-10 21:15:23', 42),
(303, 25, '2023-02-10 21:15:33', 43),
(304, 23, '2023-02-11 00:40:44', 56),
(305, 23, '2023-02-11 00:41:04', 56),
(306, 23, '2023-02-11 00:41:13', 56),
(307, 23, '2023-02-11 00:41:28', 56),
(308, 23, '2023-02-11 00:42:12', 56),
(309, 23, '2023-02-11 00:42:26', 55),
(310, 23, '2023-02-11 00:42:35', 56),
(311, 23, '2023-02-11 00:42:49', 56),
(312, 23, '2023-02-11 00:42:58', 56),
(313, 23, '2023-02-11 00:43:17', 56),
(314, 23, '2023-02-11 00:43:26', 56),
(315, 23, '2023-02-11 00:43:34', 56),
(316, 23, '2023-02-11 00:43:53', 56),
(317, 23, '2023-02-11 00:44:08', 56),
(318, 23, '2023-02-11 00:44:17', 56),
(319, 23, '2023-02-11 00:44:25', 56),
(320, 23, '2023-02-11 00:44:34', 56),
(321, 23, '2023-02-11 00:44:42', 56),
(322, 23, '2023-02-11 00:44:51', 56),
(323, 23, '2023-02-11 00:45:05', 56),
(324, 23, '2023-02-11 00:46:41', 56),
(325, 23, '2023-02-11 00:46:55', 56),
(326, 23, '2023-02-11 00:47:10', 56),
(327, 23, '2023-02-11 00:47:24', 56),
(328, 23, '2023-02-11 00:48:36', 57),
(329, 23, '2023-02-11 00:48:49', 57),
(330, 23, '2023-02-11 00:49:02', 57),
(331, 23, '2023-02-11 00:49:11', 57),
(332, 23, '2023-02-11 00:49:25', 57),
(333, 23, '2023-02-11 00:49:35', 57),
(334, 23, '2023-02-11 00:49:43', 57),
(335, 23, '2023-02-11 01:01:27', 59),
(336, 23, '2023-02-11 01:03:15', 57),
(337, 23, '2023-02-11 01:03:30', 57),
(338, 23, '2023-02-11 01:03:40', 57),
(339, 23, '2023-02-11 01:03:50', 57),
(340, 23, '2023-02-11 01:04:37', 57),
(341, 23, '2023-02-11 01:04:47', 57),
(342, 23, '2023-02-11 01:04:58', 57),
(343, 23, '2023-02-11 01:05:12', 57),
(344, 23, '2023-02-11 01:09:36', 57),
(345, 23, '2023-02-11 01:09:51', 57),
(346, 23, '2023-02-11 01:10:04', 57),
(347, 23, '2023-02-11 01:10:18', 57),
(348, 23, '2023-02-11 01:12:19', 57),
(349, 23, '2023-02-11 01:12:29', 57),
(350, 23, '2023-02-11 01:12:39', 57),
(351, 23, '2023-02-11 01:12:50', 57),
(352, 23, '2023-02-11 01:13:00', 57),
(353, 23, '2023-02-11 01:13:10', 57),
(354, 23, '2023-02-11 01:13:30', 57),
(355, 23, '2023-02-11 02:03:08', 57),
(356, 23, '2023-02-11 02:03:24', 57),
(357, 23, '2023-02-11 02:03:38', 57),
(358, 23, '2023-02-11 02:03:46', 57),
(359, 23, '2023-02-11 02:03:57', 57),
(360, 23, '2023-02-11 02:04:09', 57),
(361, 23, '2023-02-11 02:04:17', 57),
(362, 23, '2023-02-11 02:04:32', 57),
(363, 23, '2023-02-11 02:04:42', 57),
(364, 23, '2023-02-11 02:04:52', 57),
(365, 23, '2023-02-11 02:05:34', 57),
(366, 23, '2023-02-11 02:05:37', 57),
(367, 23, '2023-02-11 02:05:45', 57),
(368, 23, '2023-02-11 02:05:52', 57),
(369, 23, '2023-02-11 02:06:09', 57),
(370, 23, '2023-02-11 02:06:17', 57),
(371, 23, '2023-02-11 02:06:25', 57),
(372, 23, '2023-02-11 02:06:32', 57),
(373, 23, '2023-02-11 02:06:46', 57),
(374, 23, '2023-02-11 02:06:52', 57),
(375, 23, '2023-02-11 02:06:58', 57),
(376, 23, '2023-02-11 02:07:06', 57),
(377, 27, '2023-02-11 08:38:00', 53),
(378, 27, '2023-02-11 08:38:08', 52),
(379, 27, '2023-02-11 08:38:21', 52),
(380, 27, '2023-02-11 08:38:33', 52),
(381, 27, '2023-02-11 08:38:52', 52),
(382, 27, '2023-02-11 08:39:08', 52),
(383, 27, '2023-02-11 08:39:19', 52),
(384, 27, '2023-02-11 08:40:25', 52);

-- --------------------------------------------------------

--
-- Table structure for table `ultrasonic_table`
--

CREATE TABLE `ultrasonic_table` (
  `Ult_id` int(25) NOT NULL,
  `Ult_value` varchar(25) NOT NULL,
  `Reading_time` timestamp NOT NULL DEFAULT current_timestamp() ON UPDATE current_timestamp(),
  `Device_id` int(25) NOT NULL
) ENGINE=InnoDB DEFAULT CHARSET=utf8mb4;

--
-- Dumping data for table `ultrasonic_table`
--

INSERT INTO `ultrasonic_table` (`Ult_id`, `Ult_value`, `Reading_time`, `Device_id`) VALUES
(1, '279', '2022-12-14 12:33:09', 4),
(2, '279', '2022-12-14 12:33:14', 1),
(4, '220', '2022-12-14 12:34:11', 1),
(5, '470', '2022-12-14 12:34:15', 1),
(6, '470', '2022-12-14 12:34:55', 1),
(7, '470', '2022-12-25 06:36:10', 6),
(8, '4236', '2022-12-25 06:37:24', 8),
(9, '455', '2022-12-25 06:37:31', 9),
(10, '1', '2023-02-04 11:22:30', 1),
(11, '2', '2023-02-04 11:28:26', 1),
(12, '2', '2023-02-04 11:28:35', 1),
(13, '2', '2023-02-04 11:28:43', 1),
(14, '20', '2023-02-04 11:28:52', 1),
(15, '3', '2023-02-04 11:29:01', 1),
(16, '14', '2023-02-04 11:29:10', 1),
(17, '13', '2023-02-04 11:29:19', 1),
(18, '13', '2023-02-04 11:29:29', 1),
(19, '15', '2023-02-04 11:29:38', 1),
(20, '12', '2023-02-04 11:29:47', 1),
(21, '29', '2023-02-04 11:29:55', 1),
(22, '11', '2023-02-04 11:30:04', 1),
(23, '11', '2023-02-04 11:30:13', 1),
(24, '17', '2023-02-04 11:30:22', 1),
(25, '19', '2023-02-04 11:30:31', 1),
(26, '17', '2023-02-04 11:30:40', 1),
(27, '17', '2023-02-04 11:30:49', 1),
(28, '14', '2023-02-04 11:30:58', 1),
(29, '14', '2023-02-04 11:31:07', 1),
(30, '13', '2023-02-04 11:31:16', 1),
(31, '14', '2023-02-04 11:31:25', 1),
(32, '16', '2023-02-04 11:31:34', 1),
(33, '16', '2023-02-04 11:31:43', 1),
(34, '15', '2023-02-04 11:31:52', 1),
(35, '14', '2023-02-04 11:32:01', 1),
(36, '13', '2023-02-04 11:32:10', 1),
(37, '13', '2023-02-04 11:32:18', 1),
(38, '12', '2023-02-04 11:32:27', 1),
(39, '13', '2023-02-04 11:32:37', 1),
(40, '12', '2023-02-04 11:32:46', 1),
(41, '31', '2023-02-04 11:32:55', 1),
(42, '20', '2023-02-04 11:33:04', 1),
(43, '14', '2023-02-04 11:33:07', 1),
(44, '22', '2023-02-04 11:33:16', 1),
(45, '34', '2023-02-04 11:33:25', 1),
(46, '30', '2023-02-04 11:33:34', 1),
(47, '31', '2023-02-04 11:33:43', 1),
(48, '13', '2023-02-04 11:33:52', 1),
(49, '24', '2023-02-04 11:34:01', 1),
(50, '3', '2023-02-04 11:34:10', 1),
(51, '6', '2023-02-04 11:34:19', 1),
(52, '1', '2023-02-04 11:34:28', 1),
(53, '1', '2023-02-04 11:34:37', 1),
(54, '26', '2023-02-04 11:35:59', 1),
(55, '14', '2023-02-04 11:36:14', 1),
(56, '24', '2023-02-04 11:36:29', 1),
(57, '15', '2023-02-04 11:36:44', 1),
(58, '36', '2023-02-04 11:36:59', 1),
(59, '4', '2023-02-04 11:37:14', 1),
(60, '4', '2023-02-04 11:37:29', 1),
(61, '4', '2023-02-04 11:37:43', 1),
(62, '63', '2023-02-04 11:37:58', 1),
(63, '2', '2023-02-04 11:38:14', 1),
(64, '1', '2023-02-04 11:38:28', 1),
(65, '1', '2023-02-04 11:38:43', 1),
(66, '1', '2023-02-04 11:38:58', 1),
(67, '1', '2023-02-04 11:39:13', 1),
(68, '1', '2023-02-04 11:39:28', 1),
(69, '0', '2023-02-04 11:39:44', 1),
(70, '0', '2023-02-04 11:40:00', 1),
(71, '0', '2023-02-04 11:40:16', 1),
(72, '0', '2023-02-04 11:40:32', 1),
(73, '0', '2023-02-04 11:40:48', 1),
(74, '0', '2023-02-04 11:41:04', 1),
(75, '0', '2023-02-04 11:41:20', 1),
(76, '0', '2023-02-04 11:41:36', 1),
(77, '0', '2023-02-04 11:41:52', 1),
(78, '0', '2023-02-04 11:42:08', 1),
(79, '0', '2023-02-04 11:42:24', 1),
(80, '0', '2023-02-04 11:42:35', 1),
(81, '0', '2023-02-04 11:42:51', 1),
(82, '0', '2023-02-04 11:43:08', 1),
(83, '0', '2023-02-04 11:43:24', 1),
(84, '0', '2023-02-04 11:43:40', 1),
(85, '0', '2023-02-04 11:43:56', 1),
(86, '0', '2023-02-04 11:45:20', 1),
(87, '0', '2023-02-04 11:45:36', 1),
(88, '0', '2023-02-04 11:45:47', 1),
(89, '0', '2023-02-04 11:46:03', 1),
(90, '0', '2023-02-04 11:46:19', 1),
(91, '0', '2023-02-04 11:46:35', 1),
(92, '0', '2023-02-04 11:46:51', 1),
(93, '0', '2023-02-04 11:47:07', 1),
(94, '0', '2023-02-04 11:47:23', 1),
(95, '87', '2023-02-04 12:25:28', 1),
(96, '30', '2023-02-04 12:25:43', 1),
(97, '64', '2023-02-04 12:25:58', 1),
(98, '87', '2023-02-04 12:26:13', 1),
(99, '64', '2023-02-04 12:26:27', 1),
(100, '87', '2023-02-04 12:26:42', 1),
(101, '38', '2023-02-04 12:26:57', 1),
(102, '57', '2023-02-04 12:27:07', 1),
(103, '87', '2023-02-04 12:27:22', 1),
(176, '0', '2023-02-04 15:05:33', 1),
(177, '0', '2023-02-04 15:05:43', 1),
(178, '0', '2023-02-04 15:05:47', 1),
(179, '0', '2023-02-04 15:05:52', 1),
(180, '0', '2023-02-04 15:05:57', 1),
(181, '0', '2023-02-04 15:06:05', 1),
(182, '0', '2023-02-04 15:06:10', 1),
(183, '0', '2023-02-04 15:06:20', 1),
(184, '0', '2023-02-04 15:06:30', 1),
(185, '0', '2023-02-04 15:06:41', 1),
(186, '0', '2023-02-04 15:06:51', 1),
(187, '0', '2023-02-04 15:07:01', 1),
(188, '0', '2023-02-04 15:07:11', 1),
(189, '0', '2023-02-04 15:07:17', 1),
(190, '0', '2023-02-04 15:07:27', 1),
(191, '0', '2023-02-04 15:07:36', 1),
(192, '0', '2023-02-04 15:07:47', 1),
(193, '0', '2023-02-04 15:07:57', 1),
(194, '0', '2023-02-04 15:08:07', 1),
(195, '0', '2023-02-04 15:08:17', 1),
(196, '0', '2023-02-04 15:08:22', 1),
(197, '0', '2023-02-04 15:08:32', 1),
(198, '0', '2023-02-04 15:08:42', 1),
(199, '0', '2023-02-04 15:08:47', 1),
(200, '0', '2023-02-04 15:08:52', 1),
(201, '0', '2023-02-04 15:08:57', 1),
(202, '0', '2023-02-04 15:09:07', 1),
(203, '0', '2023-02-04 15:09:12', 1),
(204, '0', '2023-02-04 15:09:22', 1),
(205, '0', '2023-02-04 15:09:32', 1),
(206, '0', '2023-02-04 15:09:36', 1),
(207, '0', '2023-02-04 15:09:46', 1),
(208, '0', '2023-02-04 15:09:57', 1),
(209, '0', '2023-02-04 15:10:07', 1),
(210, '0', '2023-02-04 15:10:12', 1),
(211, '0', '2023-02-04 15:10:21', 1),
(212, '0', '2023-02-04 15:10:26', 1),
(213, '0', '2023-02-04 15:10:36', 1),
(214, '0', '2023-02-04 15:10:41', 1),
(215, '0', '2023-02-04 15:10:51', 1),
(216, '0', '2023-02-04 15:10:57', 1),
(217, '0', '2023-02-04 15:11:08', 1),
(218, '0', '2023-02-04 15:11:18', 1),
(219, '90', '2023-02-04 15:11:22', 1),
(220, '79', '2023-02-04 15:11:31', 1),
(221, '0', '2023-02-04 15:11:41', 1),
(222, '0', '2023-02-04 15:11:47', 1),
(223, '0', '2023-02-04 15:11:58', 1),
(224, '0', '2023-02-04 15:12:02', 1),
(225, '0', '2023-02-04 15:12:14', 1),
(226, '90', '2023-02-04 15:12:18', 1),
(227, '0', '2023-02-04 15:12:23', 1),
(228, '0', '2023-02-04 15:12:33', 1),
(229, '0', '2023-02-04 15:12:43', 1),
(230, '0', '2023-02-04 15:12:52', 1),
(231, '0', '2023-02-04 15:13:02', 1),
(232, '0', '2023-02-04 15:13:12', 1),
(233, '0', '2023-02-04 15:13:18', 1),
(234, '0', '2023-02-04 15:13:28', 1),
(235, '0', '2023-02-04 15:13:38', 1),
(236, '0', '2023-02-04 15:13:43', 1),
(237, '0', '2023-02-04 15:13:53', 1),
(238, '0', '2023-02-04 15:14:03', 1),
(239, '0', '2023-02-04 15:14:07', 1),
(252, '0', '2023-02-04 17:22:23', 1),
(253, '0', '2023-02-04 17:22:34', 1),
(254, '0', '2023-02-04 17:22:38', 1),
(255, '0', '2023-02-04 17:22:48', 1),
(256, '0', '2023-02-04 17:22:58', 1),
(257, '0', '2023-02-04 17:23:08', 1),
(258, '0', '2023-02-04 17:23:20', 1),
(259, '0', '2023-02-04 17:23:22', 1),
(260, '0', '2023-02-04 17:23:32', 1),
(261, '0', '2023-02-04 17:23:43', 1),
(262, '0', '2023-02-04 17:23:53', 1),
(263, '0', '2023-02-04 17:24:03', 1),
(264, '0', '2023-02-04 17:24:12', 1),
(265, '0', '2023-02-04 17:30:41', 1),
(266, '0', '2023-02-04 17:30:51', 1),
(267, '0', '2023-02-04 17:30:56', 1),
(268, '0', '2023-02-04 17:31:06', 1),
(269, '0', '2023-02-04 17:31:16', 1),
(270, '0', '2023-02-04 17:31:26', 1),
(271, '0', '2023-02-04 17:31:30', 1),
(272, '0', '2023-02-04 17:31:40', 1),
(273, '0', '2023-02-04 17:31:51', 1),
(274, '0', '2023-02-04 17:32:00', 1),
(324, '1', '2023-02-05 05:51:46', 1),
(325, '1', '2023-02-05 05:51:50', 1),
(326, '1', '2023-02-05 05:51:59', 1),
(327, '1', '2023-02-05 05:52:04', 1),
(328, '1', '2023-02-05 05:52:08', 1),
(329, '1', '2023-02-05 05:52:36', 1),
(330, '1', '2023-02-05 05:52:45', 1),
(331, '1', '2023-02-05 05:52:55', 1),
(332, '1', '2023-02-05 05:52:59', 1),
(333, '1', '2023-02-05 05:53:03', 1),
(334, '1', '2023-02-05 05:53:07', 1),
(335, '1', '2023-02-05 05:53:11', 1),
(336, '0', '2023-02-05 05:53:16', 1),
(337, '477', '2023-02-05 05:53:20', 1),
(338, '477', '2023-02-05 05:53:25', 1),
(339, '477', '2023-02-05 05:53:29', 1),
(340, '477', '2023-02-05 05:53:33', 1),
(341, '477', '2023-02-05 05:53:37', 1),
(342, '477', '2023-02-05 05:53:43', 1),
(343, '477', '2023-02-05 05:53:48', 1),
(344, '477', '2023-02-05 05:53:59', 1),
(345, '477', '2023-02-05 05:54:03', 1),
(346, '477', '2023-02-05 05:54:07', 1),
(347, '477', '2023-02-05 05:54:11', 1),
(348, '477', '2023-02-05 05:54:16', 1),
(349, '477', '2023-02-05 05:54:24', 1),
(350, '477', '2023-02-05 05:54:25', 1),
(351, '477', '2023-02-05 05:54:29', 1),
(352, '477', '2023-02-05 05:54:33', 1),
(353, '477', '2023-02-05 05:54:37', 1),
(354, '477', '2023-02-05 05:54:43', 1),
(355, '477', '2023-02-05 05:54:55', 1),
(356, '477', '2023-02-05 05:54:59', 1),
(357, '477', '2023-02-05 05:55:03', 1),
(358, '477', '2023-02-05 05:55:12', 1),
(359, '477', '2023-02-05 05:55:13', 1),
(360, '0', '2023-02-05 05:55:19', 1),
(361, '473', '2023-02-05 05:55:23', 1),
(362, '477', '2023-02-05 05:55:33', 1),
(363, '477', '2023-02-05 05:55:43', 1),
(364, '477', '2023-02-05 05:55:48', 1),
(365, '477', '2023-02-05 05:55:57', 1),
(366, '477', '2023-02-05 05:56:01', 1),
(367, '477', '2023-02-05 05:56:05', 1),
(368, '477', '2023-02-05 05:56:09', 1),
(369, '477', '2023-02-05 05:56:13', 1),
(370, '477', '2023-02-05 05:56:17', 1),
(371, '477', '2023-02-05 05:56:23', 1),
(372, '477', '2023-02-05 05:56:27', 1),
(373, '477', '2023-02-05 05:56:32', 1),
(374, '477', '2023-02-05 05:56:37', 1),
(375, '477', '2023-02-05 05:56:41', 1),
(376, '477', '2023-02-05 05:56:45', 1),
(377, '477', '2023-02-05 05:56:49', 1),
(378, '477', '2023-02-05 05:56:58', 1),
(379, '477', '2023-02-05 05:57:02', 1),
(380, '477', '2023-02-05 05:57:06', 1),
(381, '477', '2023-02-05 05:57:10', 1),
(382, '477', '2023-02-05 05:57:15', 1),
(383, '477', '2023-02-05 05:57:18', 1),
(384, '0', '2023-02-05 05:57:29', 1),
(385, '0', '2023-02-05 05:57:34', 1),
(386, '0', '2023-02-05 05:57:39', 1),
(387, '0', '2023-02-05 05:57:44', 1),
(388, '0', '2023-02-05 05:57:50', 1),
(389, '0', '2023-02-05 05:57:55', 1),
(390, '0', '2023-02-05 05:58:00', 1),
(391, '0', '2023-02-05 05:58:05', 1),
(392, '0', '2023-02-05 05:58:15', 1),
(393, '0', '2023-02-05 05:58:21', 1),
(421, '0', '2023-02-05 06:53:47', 1),
(422, '0', '2023-02-05 06:54:07', 1),
(423, '0', '2023-02-05 06:54:20', 1),
(424, '0', '2023-02-05 06:54:54', 1),
(425, '0', '2023-02-05 06:55:14', 1),
(426, '0', '2023-02-05 06:55:22', 1),
(427, '0', '2023-02-05 06:55:39', 1),
(428, '0', '2023-02-05 06:55:55', 1),
(429, '0', '2023-02-05 06:56:33', 1),
(430, '0', '2023-02-05 06:56:54', 1),
(431, '0', '2023-02-05 06:57:11', 1),
(432, '0', '2023-02-05 06:57:38', 1),
(433, '0', '2023-02-05 06:58:24', 1),
(434, '0', '2023-02-05 06:58:44', 1),
(435, '0', '2023-02-05 06:59:02', 1),
(436, '0', '2023-02-05 06:59:20', 1),
(437, '18', '2023-02-05 07:10:51', 1),
(438, '18', '2023-02-05 07:11:06', 1),
(439, '11', '2023-02-05 07:11:16', 1),
(440, '9', '2023-02-05 10:43:01', 1),
(441, '9', '2023-02-05 10:43:20', 1),
(442, '9', '2023-02-05 10:43:30', 1),
(443, '9', '2023-02-05 10:43:46', 1),
(444, '9', '2023-02-05 10:43:55', 1),
(445, '7', '2023-02-05 10:44:11', 1),
(446, '6', '2023-02-05 10:44:20', 1),
(447, '6', '2023-02-05 10:44:32', 1),
(448, '6', '2023-02-05 10:44:44', 1),
(449, '6', '2023-02-05 10:44:55', 1),
(450, '6', '2023-02-05 10:45:12', 1),
(451, '0', '2023-02-05 10:45:31', 1),
(452, '6', '2023-02-05 10:45:40', 1),
(453, '6', '2023-02-05 10:45:55', 1),
(454, '6', '2023-02-05 10:46:04', 1),
(455, '6', '2023-02-05 10:46:19', 1),
(456, '6', '2023-02-05 10:46:29', 1),
(457, '6', '2023-02-05 10:46:38', 1),
(475, '0', '2023-02-10 12:48:39', 1),
(476, '0', '2023-02-10 12:48:59', 1),
(477, '0', '2023-02-10 12:49:12', 1),
(478, '0', '2023-02-10 12:49:20', 1),
(479, '0', '2023-02-10 12:49:32', 1),
(480, '0', '2023-02-10 12:49:40', 1),
(481, '0', '2023-02-10 12:49:48', 1),
(482, '0', '2023-02-10 12:50:00', 1),
(483, '0', '2023-02-10 12:57:12', 1),
(484, '0', '2023-02-10 12:57:34', 1),
(485, '0', '2023-02-10 12:57:51', 1),
(486, '0', '2023-02-10 12:57:58', 1),
(487, '0', '2023-02-10 12:58:11', 1),
(488, '0', '2023-02-10 12:58:23', 1),
(489, '0', '2023-02-10 12:58:35', 1),
(490, '0', '2023-02-10 12:58:46', 1),
(491, '0', '2023-02-10 12:59:03', 1),
(492, '0', '2023-02-10 12:59:16', 1),
(493, '0', '2023-02-10 12:59:33', 1),
(494, '0', '2023-02-10 12:59:40', 1),
(495, '0', '2023-02-10 12:59:52', 1),
(496, '0', '2023-02-10 13:00:15', 1),
(497, '0', '2023-02-10 13:00:51', 1),
(498, '0', '2023-02-10 13:01:03', 1),
(499, '0', '2023-02-10 13:01:23', 1),
(500, '0', '2023-02-10 13:01:36', 1),
(501, '0', '2023-02-10 13:01:49', 1),
(502, '0', '2023-02-10 13:02:06', 1),
(503, '0', '2023-02-10 13:02:23', 1),
(504, '0', '2023-02-10 13:02:45', 1),
(505, '0', '2023-02-10 13:03:07', 1),
(506, '0', '2023-02-10 13:03:31', 1),
(507, '0', '2023-02-10 13:03:43', 1),
(508, '0', '2023-02-10 13:04:05', 1),
(509, '0', '2023-02-10 13:04:22', 1),
(510, '0', '2023-02-10 13:04:39', 1),
(511, '0', '2023-02-10 13:04:51', 1),
(512, '0', '2023-02-10 13:05:04', 1),
(513, '0', '2023-02-10 13:05:21', 1),
(514, '0', '2023-02-10 13:05:38', 1),
(515, '0', '2023-02-10 13:06:00', 1),
(516, '0', '2023-02-10 13:06:17', 1),
(517, '0', '2023-02-10 13:06:36', 1),
(518, '0', '2023-02-10 13:07:14', 1),
(519, '0', '2023-02-10 13:07:31', 1),
(520, '0', '2023-02-10 13:07:43', 1),
(521, '0', '2023-02-10 13:08:00', 1),
(522, '0', '2023-02-10 13:08:12', 1),
(523, '0', '2023-02-10 13:08:35', 1),
(524, '0', '2023-02-10 13:08:47', 1),
(525, '0', '2023-02-10 13:08:59', 1),
(526, '0', '2023-02-10 13:09:11', 1),
(527, '0', '2023-02-10 13:09:24', 1),
(528, '0', '2023-02-10 13:09:36', 1),
(529, '0', '2023-02-10 13:10:02', 1),
(530, '0', '2023-02-10 13:10:19', 1),
(531, '0', '2023-02-10 13:11:32', 1),
(532, '0', '2023-02-10 13:11:50', 1),
(533, '0', '2023-02-10 13:12:07', 1),
(534, '0', '2023-02-10 13:12:29', 1),
(535, '0', '2023-02-10 13:12:46', 1),
(536, '0', '2023-02-10 13:13:04', 1),
(537, '0', '2023-02-10 13:13:25', 1),
(538, '0', '2023-02-10 13:13:44', 1),
(539, '0', '2023-02-10 13:13:59', 1),
(540, '0', '2023-02-10 13:14:08', 1),
(541, '0', '2023-02-10 13:14:15', 1),
(542, '0', '2023-02-10 13:14:33', 1),
(543, '0', '2023-02-10 13:14:45', 1),
(544, '0', '2023-02-10 13:14:58', 1),
(545, '0', '2023-02-10 13:15:15', 1),
(546, '0', '2023-02-10 13:15:39', 1),
(547, '0', '2023-02-10 13:15:55', 1),
(548, '0', '2023-02-10 13:16:05', 1),
(549, '0', '2023-02-10 13:16:21', 1),
(550, '0', '2023-02-10 13:16:39', 1),
(624, '644', '2023-02-11 06:49:37', 1),
(625, '645', '2023-02-11 06:49:54', 1),
(626, '635', '2023-02-11 06:50:11', 1),
(627, '645', '2023-02-11 06:50:29', 1),
(628, '645', '2023-02-11 06:50:45', 1),
(629, '646', '2023-02-11 06:51:06', 1),
(630, '641', '2023-02-11 06:51:16', 1),
(631, '643', '2023-02-11 06:51:28', 1),
(632, '639', '2023-02-11 06:51:42', 1),
(633, '647', '2023-02-11 06:51:59', 1),
(634, '644', '2023-02-11 06:52:12', 1),
(635, '646', '2023-02-11 06:52:23', 1),
(636, '646', '2023-02-11 06:52:39', 1),
(637, '649', '2023-02-11 06:52:49', 1),
(638, '645', '2023-02-11 06:53:02', 1),
(639, '642', '2023-02-11 06:53:20', 1),
(640, '650', '2023-02-11 06:53:30', 1),
(641, '649', '2023-02-11 06:53:44', 1),
(642, '648', '2023-02-11 06:53:49', 1),
(643, '650', '2023-02-11 06:54:01', 1),
(644, '643', '2023-02-11 06:54:18', 1),
(645, '642', '2023-02-11 06:54:35', 1),
(646, '648', '2023-02-11 06:55:24', 1),
(647, '640', '2023-02-11 06:55:36', 1),
(648, '647', '2023-02-11 06:55:50', 1),
(649, '647', '2023-02-11 06:56:04', 1),
(650, '645', '2023-02-11 06:56:17', 1),
(651, '647', '2023-02-11 06:56:38', 1),
(652, '641', '2023-02-11 06:56:45', 1),
(653, '647', '2023-02-11 06:56:57', 1),
(654, '640', '2023-02-11 06:57:13', 1),
(655, '641', '2023-02-11 06:57:20', 1),
(656, '647', '2023-02-11 06:57:32', 1),
(657, '640', '2023-02-11 06:57:44', 1),
(658, '647', '2023-02-11 06:58:00', 1),
(659, '647', '2023-02-11 06:58:12', 1),
(660, '641', '2023-02-11 06:58:24', 1),
(661, '642', '2023-02-11 06:58:36', 1),
(662, '647', '2023-02-11 06:58:49', 1),
(663, '641', '2023-02-11 06:59:06', 1),
(664, '647', '2023-02-11 06:59:19', 1),
(665, '641', '2023-02-11 06:59:38', 1),
(666, '651', '2023-02-11 06:59:51', 1),
(667, '644', '2023-02-11 07:00:09', 1),
(668, '645', '2023-02-11 07:00:26', 1),
(669, '646', '2023-02-11 07:00:39', 1),
(670, '646', '2023-02-11 07:00:56', 1),
(671, '646', '2023-02-11 07:01:13', 1),
(672, '641', '2023-02-11 07:01:33', 1),
(673, '644', '2023-02-11 07:01:50', 1),
(674, '641', '2023-02-11 07:02:30', 1),
(675, '637', '2023-02-11 07:02:48', 1),
(676, '637', '2023-02-11 07:03:04', 1),
(677, '640', '2023-02-11 07:03:21', 1),
(678, '636', '2023-02-11 07:03:35', 1),
(679, '637', '2023-02-11 07:03:46', 1),
(680, '638', '2023-02-11 07:03:58', 1),
(681, '637', '2023-02-11 07:04:11', 1),
(682, '637', '2023-02-11 07:04:18', 1),
(683, '634', '2023-02-11 07:04:35', 1),
(684, '641', '2023-02-11 07:08:57', 1),
(685, '634', '2023-02-11 07:09:16', 1),
(686, '641', '2023-02-11 07:09:32', 1),
(687, '636', '2023-02-11 07:09:49', 1),
(688, '636', '2023-02-11 07:10:01', 1),
(689, '636', '2023-02-11 07:10:18', 1),
(690, '635', '2023-02-11 07:10:35', 1),
(691, '637', '2023-02-11 07:10:47', 1),
(692, '641', '2023-02-11 07:10:54', 1),
(693, '635', '2023-02-11 07:11:11', 1),
(694, '639', '2023-02-11 07:11:28', 1),
(695, '642', '2023-02-11 07:11:40', 1),
(696, '642', '2023-02-11 07:11:50', 1),
(697, '642', '2023-02-11 07:12:01', 1),
(698, '635', '2023-02-11 07:12:08', 1),
(699, '641', '2023-02-11 07:12:20', 1),
(700, '637', '2023-02-11 07:12:36', 1),
(701, '640', '2023-02-11 07:12:54', 1),
(702, '634', '2023-02-11 07:13:05', 1),
(703, '637', '2023-02-11 07:13:13', 1),
(704, '644', '2023-02-11 08:43:11', 1),
(705, '644', '2023-02-11 08:43:33', 1),
(706, '644', '2023-02-11 08:43:54', 1),
(707, '644', '2023-02-11 08:44:21', 1),
(708, '639', '2023-02-11 08:44:39', 1),
(709, '631', '2023-02-11 08:56:41', 1),
(710, '644', '2023-02-11 08:57:13', 1),
(711, '651', '2023-02-11 08:57:24', 1),
(712, '640', '2023-02-11 08:57:38', 1),
(713, '649', '2023-02-11 08:57:50', 1),
(714, '644', '2023-02-11 08:58:03', 1),
(715, '641', '2023-02-11 08:58:19', 1),
(716, '641', '2023-02-11 08:58:36', 1),
(717, '647', '2023-02-11 08:58:49', 1),
(718, '640', '2023-02-11 08:59:06', 1),
(719, '646', '2023-02-11 08:59:13', 1),
(720, '647', '2023-02-11 08:59:25', 1),
(721, '644', '2023-02-11 08:59:32', 1),
(722, '643', '2023-02-11 08:59:44', 1),
(723, '638', '2023-02-11 09:00:02', 1),
(724, '646', '2023-02-11 09:00:14', 1),
(725, '646', '2023-02-11 09:00:26', 1),
(726, '646', '2023-02-11 09:00:45', 1),
(727, '0', '2023-02-11 09:00:59', 1),
(728, '648', '2023-02-11 09:01:11', 1),
(729, '646', '2023-02-11 09:01:23', 1),
(730, '648', '2023-02-11 09:01:40', 1),
(731, '0', '2023-02-11 09:50:20', 1),
(732, '0', '2023-02-11 09:50:38', 1),
(733, '0', '2023-02-11 09:50:56', 1),
(734, '0', '2023-02-11 09:51:09', 1),
(735, '0', '2023-02-11 09:51:22', 1),
(736, '0', '2023-02-11 09:51:40', 1),
(737, '0', '2023-02-11 09:51:52', 1),
(738, '0', '2023-02-11 09:52:06', 1),
(739, '0', '2023-02-11 09:52:19', 1),
(740, '0', '2023-02-11 09:53:27', 1),
(741, '0', '2023-02-11 09:53:40', 1),
(742, '0', '2023-02-11 09:53:48', 1),
(743, '0', '2023-02-11 09:54:01', 1),
(744, '0', '2023-02-11 09:54:15', 1),
(745, '0', '2023-02-11 09:54:28', 1),
(746, '0', '2023-02-11 09:54:46', 1),
(747, '0', '2023-02-11 09:55:04', 1),
(748, '0', '2023-02-11 09:55:22', 1),
(749, '0', '2023-02-11 09:56:18', 1),
(750, '0', '2023-02-11 09:56:31', 1),
(751, '0', '2023-02-11 09:56:49', 1),
(752, '0', '2023-02-11 09:57:02', 1),
(753, '0', '2023-02-11 09:57:15', 1),
(754, '0', '2023-02-11 09:57:34', 1),
(755, '0', '2023-02-11 09:57:47', 1),
(756, '0', '2023-02-11 09:58:00', 1),
(757, '0', '2023-02-11 09:58:07', 1),
(758, '0', '2023-02-11 09:58:26', 1),
(759, '0', '2023-02-11 09:58:44', 1),
(760, '0', '2023-02-11 09:59:01', 1),
(761, '0', '2023-02-11 09:59:13', 1),
(762, '0', '2023-02-11 09:59:21', 1),
(763, '0', '2023-02-11 09:59:35', 1),
(764, '0', '2023-02-11 09:59:48', 1),
(765, '0', '2023-02-11 09:59:56', 1),
(766, '0', '2023-02-11 10:00:09', 1),
(767, '0', '2023-02-11 10:00:23', 1),
(768, '0', '2023-02-11 10:00:30', 1),
(769, '0', '2023-02-11 10:00:44', 1),
(770, '0', '2023-02-11 10:00:57', 1),
(771, '0', '2023-02-11 10:01:10', 1),
(772, '0', '2023-02-11 10:01:18', 1),
(773, '0', '2023-02-11 10:01:31', 1),
(774, '0', '2023-02-11 10:01:44', 1),
(775, '0', '2023-02-11 10:02:00', 1),
(776, '0', '2023-02-11 10:02:16', 1),
(777, '0', '2023-02-11 10:02:28', 1),
(778, '0', '2023-02-11 10:02:49', 1),
(779, '0', '2023-02-11 10:02:57', 1),
(780, '0', '2023-02-11 10:03:15', 1),
(781, '0', '2023-02-11 10:03:28', 1),
(782, '0', '2023-02-11 10:03:37', 1);

--
-- Indexes for dumped tables
--

--
-- Indexes for table `device_table`
--
ALTER TABLE `device_table`
  ADD PRIMARY KEY (`Device_id`),
  ADD KEY `Login_id` (`Login_id`);

--
-- Indexes for table `feedback_table`
--
ALTER TABLE `feedback_table`
  ADD PRIMARY KEY (`Fb_id`),
  ADD KEY `Login_id` (`Login_id`);

--
-- Indexes for table `fire_table`
--
ALTER TABLE `fire_table`
  ADD PRIMARY KEY (`FS_id`),
  ADD KEY `Device_id` (`Device_id`) USING BTREE;

--
-- Indexes for table `ir_table`
--
ALTER TABLE `ir_table`
  ADD PRIMARY KEY (`IR_id`),
  ADD KEY `Device_id` (`Device_id`);

--
-- Indexes for table `ldr_table`
--
ALTER TABLE `ldr_table`
  ADD PRIMARY KEY (`LDR_id`),
  ADD KEY `Device_id` (`Device_id`);

--
-- Indexes for table `led`
--
ALTER TABLE `led`
  ADD PRIMARY KEY (`id`);

--
-- Indexes for table `login_table`
--
ALTER TABLE `login_table`
  ADD PRIMARY KEY (`Login_id`);

--
-- Indexes for table `pir_table`
--
ALTER TABLE `pir_table`
  ADD PRIMARY KEY (`PIR_id`),
  ADD KEY `Device_id` (`Device_id`);

--
-- Indexes for table `smoke_table`
--
ALTER TABLE `smoke_table`
  ADD PRIMARY KEY (`Smoke_id`),
  ADD KEY `Device_id` (`Device_id`);

--
-- Indexes for table `temprature_table`
--
ALTER TABLE `temprature_table`
  ADD PRIMARY KEY (`Temp_id`);

--
-- Indexes for table `ultrasonic_table`
--
ALTER TABLE `ultrasonic_table`
  ADD PRIMARY KEY (`Ult_id`),
  ADD KEY `Device_id` (`Device_id`);

--
-- AUTO_INCREMENT for dumped tables
--

--
-- AUTO_INCREMENT for table `device_table`
--
ALTER TABLE `device_table`
  MODIFY `Device_id` int(25) NOT NULL AUTO_INCREMENT, AUTO_INCREMENT=12;

--
-- AUTO_INCREMENT for table `feedback_table`
--
ALTER TABLE `feedback_table`
  MODIFY `Fb_id` int(25) NOT NULL AUTO_INCREMENT, AUTO_INCREMENT=9;

--
-- AUTO_INCREMENT for table `fire_table`
--
ALTER TABLE `fire_table`
  MODIFY `FS_id` int(25) NOT NULL AUTO_INCREMENT, AUTO_INCREMENT=614;

--
-- AUTO_INCREMENT for table `ir_table`
--
ALTER TABLE `ir_table`
  MODIFY `IR_id` int(25) NOT NULL AUTO_INCREMENT, AUTO_INCREMENT=1370;

--
-- AUTO_INCREMENT for table `ldr_table`
--
ALTER TABLE `ldr_table`
  MODIFY `LDR_id` int(25) NOT NULL AUTO_INCREMENT, AUTO_INCREMENT=10;

--
-- AUTO_INCREMENT for table `led`
--
ALTER TABLE `led`
  MODIFY `id` int(25) NOT NULL AUTO_INCREMENT, AUTO_INCREMENT=2;

--
-- AUTO_INCREMENT for table `login_table`
--
ALTER TABLE `login_table`
  MODIFY `Login_id` int(25) NOT NULL AUTO_INCREMENT, AUTO_INCREMENT=19;

--
-- AUTO_INCREMENT for table `pir_table`
--
ALTER TABLE `pir_table`
  MODIFY `PIR_id` int(25) NOT NULL AUTO_INCREMENT, AUTO_INCREMENT=404;

--
-- AUTO_INCREMENT for table `smoke_table`
--
ALTER TABLE `smoke_table`
  MODIFY `Smoke_id` int(25) NOT NULL AUTO_INCREMENT, AUTO_INCREMENT=455;

--
-- AUTO_INCREMENT for table `temprature_table`
--
ALTER TABLE `temprature_table`
  MODIFY `Temp_id` int(25) NOT NULL AUTO_INCREMENT, AUTO_INCREMENT=385;

--
-- AUTO_INCREMENT for table `ultrasonic_table`
--
ALTER TABLE `ultrasonic_table`
  MODIFY `Ult_id` int(25) NOT NULL AUTO_INCREMENT, AUTO_INCREMENT=783;

--
-- Constraints for dumped tables
--

--
-- Constraints for table `device_table`
--
ALTER TABLE `device_table`
  ADD CONSTRAINT `Login_id` FOREIGN KEY (`Login_id`) REFERENCES `login_table` (`Login_id`);

--
-- Constraints for table `feedback_table`
--
ALTER TABLE `feedback_table`
  ADD CONSTRAINT `feedback_table_ibfk_1` FOREIGN KEY (`Login_id`) REFERENCES `login_table` (`Login_id`);

--
-- Constraints for table `fire_table`
--
ALTER TABLE `fire_table`
  ADD CONSTRAINT `Device_id` FOREIGN KEY (`Device_id`) REFERENCES `device_table` (`Device_id`);

--
-- Constraints for table `ir_table`
--
ALTER TABLE `ir_table`
  ADD CONSTRAINT `ir_table_ibfk_1` FOREIGN KEY (`Device_id`) REFERENCES `device_table` (`Device_id`);

--
-- Constraints for table `ldr_table`
--
ALTER TABLE `ldr_table`
  ADD CONSTRAINT `ldr_table_ibfk_1` FOREIGN KEY (`Device_id`) REFERENCES `device_table` (`Device_id`);

--
-- Constraints for table `pir_table`
--
ALTER TABLE `pir_table`
  ADD CONSTRAINT `pir_table_ibfk_1` FOREIGN KEY (`Device_id`) REFERENCES `device_table` (`Device_id`);

--
-- Constraints for table `smoke_table`
--
ALTER TABLE `smoke_table`
  ADD CONSTRAINT `smoke_table_ibfk_1` FOREIGN KEY (`Device_id`) REFERENCES `device_table` (`Device_id`);

--
-- Constraints for table `ultrasonic_table`
--
ALTER TABLE `ultrasonic_table`
  ADD CONSTRAINT `ultrasonic_table_ibfk_1` FOREIGN KEY (`Device_id`) REFERENCES `device_table` (`Device_id`);
COMMIT;

/*!40101 SET CHARACTER_SET_CLIENT=@OLD_CHARACTER_SET_CLIENT */;
/*!40101 SET CHARACTER_SET_RESULTS=@OLD_CHARACTER_SET_RESULTS */;
/*!40101 SET COLLATION_CONNECTION=@OLD_COLLATION_CONNECTION */;
